Full Name,Age,Current Team,Position,Throws,Bats,Height,Weight,Birth Country,Uniform #,Birthdate,AVG,HR,RBI,OPS,OBP,SLG,H,R,BB,SB,CS,HBP,2B,3B,AB/HR,GP,AB,ID
CJ Abrams,23,120,SS,R,L,"6' 2""",191,USA,5,2000-10-03,.245,18,64,.712,.300,.412,138,83,32,47,4,13,28,6,31.28,151,563,682928
Jose Abreu,36,117,1B,R,R,"6' 3""",235,Cuba,79,1987-01-29,.237,18,90,.679,.296,.383,128,62,42,0,1,6,23,1,30.00,141,540,547989
Wilyer Abreu,24,111,RF,L,L,"5' 10""",215,Venezuela,52,1999-06-24,.316,2,14,.862,.388,.474,24,10,9,3,1,0,6,0,38.00,28,76,677800
Ronald Acuna Jr.,26,144,RF,R,R,"6' 0""",205,Venezuela,13,1997-12-18,.337,41,106,1.012,.416,.596,217,149,80,73,14,9,35,4,15.68,159,643,660670
Willy Adames,28,158,SS,R,R,"6' 1""",214,Dominican Republic,27,1995-09-02,.217,24,80,.717,.310,.407,120,73,71,5,3,6,29,2,23.04,149,553,642715
Jordyn Adams,24,108,CF,R,R,"6' 2""",181,USA,39,1999-10-18,.128,0,1,.253,.125,.128,5,1,0,1,2,0,0,0,-.--,17,39,677941
Riley Adams,27,120,C,R,R,"6' 4""",260,USA,15,1996-06-26,.273,4,21,.807,.331,.476,39,8,11,0,0,2,13,2,35.75,44,143,656180
Jo Adell,24,108,RF,R,R,"6' 3""",215,USA,7,1999-04-08,.207,3,6,.706,.258,.448,12,7,4,1,0,0,3,1,19.33,17,58,666176
Ehire Adrianza,34,144,SS,R,S,"6' 1""",198,Venezuela,9,1989-08-21,.000,0,0,.091,.091,.000,0,0,1,0,0,0,0,0,-.--,5,10,501303
Jesus Aguilar,33,133,1B,R,R,"6' 3""",277,Venezuela,99,1990-06-30,.221,5,9,.666,.281,.385,23,8,8,0,0,1,2,0,20.80,36,104,542583
Nick Ahmed,33,109,SS,R,R,"6' 2""",201,USA,13,1990-03-15,.212,2,17,.560,.257,.303,42,14,12,5,1,0,10,1,99.00,72,198,605113
Hanser Alberto,31,145,3B,R,R,"5' 11""",215,Dominican Republic,26,1992-10-17,.220,3,16,.651,.261,.390,18,11,4,0,0,1,5,0,27.33,30,82,593643
Ozzie Albies,26,144,2B,R,S,"5' 8""",165,Curacao,1,1997-01-07,.280,33,109,.849,.336,.513,167,96,46,13,1,8,30,5,18.06,148,596,645277
Jorge Alfaro,30,115,C,R,R,"6' 2""",249,Colombia,38,1993-06-11,.146,1,4,.504,.212,.292,7,2,2,0,0,2,4,0,48.00,18,48,595751
Greg Allen,30,147,CF,R,S,"6' 0""",187,USA,30,1993-03-15,.217,1,1,.811,.333,.478,5,6,2,3,1,2,1,1,23.00,22,23,656185
Nick Allen,25,133,SS,R,R,"5' 8""",166,USA,2,1998-10-08,.221,4,20,.550,.263,.287,67,29,17,5,1,1,4,2,75.75,106,303,669397
Abraham Almonte,34,121,OF,R,S,"5' 10""",223,Dominican Republic,28,1989-06-27,.067,0,0,.258,.125,.133,1,1,1,0,0,0,1,0,-.--,8,15,501659
Pete Alonso,29,121,1B,R,R,"6' 3""",245,USA,20,1994-12-07,.217,46,118,.822,.318,.504,123,92,65,4,1,21,21,2,12.35,154,568,624413
Jose Altuve,33,117,2B,R,R,"5' 6""",166,Venezuela,27,1990-05-06,.311,17,51,.915,.393,.522,112,76,44,14,2,5,21,2,21.18,90,360,514888
Jake Alu,26,120,3B,R,L,"5' 10""",186,USA,39,1997-04-06,.226,2,16,.571,.282,.289,36,14,10,5,1,3,2,1,79.50,51,159,666906
Francisco Alvarez,22,121,C,R,R,"5' 10""",233,Venezuela,4,2001-11-19,.209,25,63,.721,.284,.437,80,51,34,2,0,6,12,0,15.28,123,382,682626
Yordan Alvarez,26,117,LF,R,L,"6' 5""",225,Cuba,44,1997-06-27,.293,31,97,.990,.407,.583,120,77,69,0,0,13,24,1,13.23,114,410,670541
Jacob Amaya,25,146,SS,R,R,"6' 0""",180,USA,67,1998-09-03,.222,0,2,.444,.222,.222,2,1,0,1,0,0,0,0,-.--,4,9,676070
Miguel Amaya,24,112,C,R,R,"6' 0""",230,Panama,6,1999-03-09,.214,5,18,.688,.329,.359,28,17,12,0,0,11,4,0,26.20,53,131,665804
Brian Anderson,30,158,3B,R,R,"6' 2""",215,USA,9,1993-05-19,.226,9,40,.678,.310,.368,72,38,36,1,3,4,12,3,35.33,96,318,605119
Tim Anderson,30,145,SS,R,R,"6' 1""",185,USA,7,1993-06-23,.245,1,25,.582,.286,.296,121,52,26,13,2,3,18,2,493.00,123,493,641313
Elvis Andrus,35,145,SS,R,R,"6' 0""",210,Venezuela,1,1988-08-26,.251,6,44,.662,.304,.358,94,39,25,12,4,4,20,1,62.33,112,374,462101
Miguel Andujar,28,134,LF,R,R,"6' 0""",211,Dominican Republic,26,1995-03-02,.250,4,18,.776,.300,.476,21,9,6,2,0,0,7,0,21.00,30,84,609280
Jonathan Aranda,25,139,2B,R,L,"6' 0""",210,Mexico,62,1998-05-23,.230,2,13,.708,.340,.368,20,13,13,0,0,2,4,1,43.50,34,87,666018
Jonathan Arauz,25,121,2B,R,S,"6' 0""",195,Panama,19,1998-08-03,.136,3,9,.491,.203,.288,8,3,5,0,0,0,0,0,19.67,27,59,660620
Orlando Arcia,29,144,SS,R,R,"6' 0""",187,Venezuela,11,1994-08-04,.264,17,65,.741,.321,.420,129,66,39,1,0,3,25,0,28.71,139,488,606115
Nolan Arenado,32,138,3B,R,R,"6' 2""",215,USA,28,1991-04-16,.266,26,93,.774,.315,.459,149,71,41,3,3,3,26,2,21.54,144,560,571448
Gabriel Arias,23,114,RF,R,R,"6' 1""",217,Venezuela,13,2000-02-27,.210,10,26,.627,.275,.352,66,36,28,3,4,1,15,0,31.50,122,315,672356
Randy Arozarena,28,139,LF,R,R,"5' 11""",185,Cuba,56,1995-02-28,.254,23,83,.789,.364,.425,140,95,80,22,10,18,19,3,23.96,151,551,668227
Luis Arraez,26,146,2B,R,L,"5' 10""",175,Venezuela,3,1997-04-09,.354,10,69,.862,.393,.469,203,71,35,3,2,4,30,3,57.40,147,574,650333
Christian Arroyo,28,111,2B,R,R,"6' 1""",220,USA,39,1995-05-30,.241,3,24,.637,.268,.369,47,23,7,1,3,1,16,0,65.00,66,195,624414
Jose Azocar,27,135,RF,R,R,"5' 11""",181,Venezuela,28,1996-05-11,.231,2,9,.641,.278,.363,21,16,4,8,2,2,6,0,45.50,55,91,640492
Akil Baddoo,25,116,LF,L,L,"6' 1""",214,USA,60,1998-08-16,.218,11,34,.682,.310,.372,68,40,42,14,3,0,13,1,28.36,112,312,668731
Harrison Bader,29,113,CF,R,R,"6' 0""",210,USA,4,1994-06-03,.232,7,40,.622,.274,.348,74,44,17,20,3,3,12,2,45.57,98,319,664056
Ji Hwan Bae,24,134,2B,R,L,"5' 11""",185,Republic of Korea,3,1999-07-26,.231,2,32,.607,.296,.311,77,54,30,24,9,2,17,2,167.00,111,334,678225
Javier Baez,31,116,SS,R,R,"6' 0""",190,Puerto Rico,28,1992-12-01,.222,9,59,.592,.267,.325,113,58,24,12,0,9,18,4,56.67,136,510,595879
Patrick Bailey,24,137,C,R,S,"6' 0""",210,USA,14,1999-05-29,.233,7,48,.644,.285,.359,76,29,21,1,0,3,18,1,46.57,97,326,672275
Luken Baker,26,138,1B,R,R,"6' 4""",280,USA,26,1997-03-10,.209,2,10,.627,.313,.314,18,9,13,0,0,0,3,0,43.00,33,86,663609
Rylan Bannon,27,117,3B,R,R,"5' 8""",180,USA,38,1996-04-22,.000,0,0,.000,.000,.000,0,0,0,0,0,0,0,0,-.--,2,6,676625
Austin Barnes,34,119,C,R,R,"5' 10""",187,USA,15,1989-12-28,.180,2,11,.498,.256,.242,32,15,17,2,1,2,5,0,89.00,59,178,605131
Tucker Barnhart,32,112,C,R,L,"5' 11""",192,USA,18,1991-01-07,.202,1,9,.542,.285,.257,22,6,12,1,0,1,3,0,109.00,47,109,571466
Tres Barrera,29,138,C,R,R,"6' 0""",215,USA,63,1994-09-15,.000,0,0,.000,.000,.000,0,0,0,0,0,0,0,0,-.--,6,2,668663
Jose Barrero,25,113,SS,R,R,"6' 2""",211,Cuba,2,1998-04-05,.218,2,17,.618,.295,.323,29,15,15,3,2,0,8,0,66.50,46,133,676480
Joey Bart,27,137,C,R,R,"6' 2""",238,USA,21,1996-12-15,.207,0,5,.527,.263,.264,18,9,3,0,0,4,5,0,-.--,30,87,663698
Osleivis Basabe,23,139,SS,R,R,"5' 11""",188,Venezuela,37,2000-09-13,.218,1,12,.587,.277,.310,19,15,6,0,1,1,5,0,87.00,31,87,678545
Matthew Batten,28,135,2B,R,R,"5' 10""",180,USA,17,1995-06-22,.258,2,11,.713,.355,.358,31,19,17,2,2,1,6,0,60.00,43,120,676946
Brett Baty,24,121,3B,R,L,"6' 3""",210,USA,22,1999-11-13,.212,9,34,.598,.275,.323,75,41,29,2,0,2,12,0,39.22,108,353,683146
Jake Bauers,28,147,1B,L,L,"5' 11""",195,USA,61,1995-10-06,.202,12,30,.692,.279,.413,49,28,27,3,2,0,15,0,20.17,84,242,641343
Matt Beaty,30,118,DH,R,L,"6' 0""",215,USA,27,1993-04-28,.230,0,4,.642,.347,.295,14,8,6,0,0,5,4,0,-.--,30,61,607461
Josh Bell,31,114,1B,R,S,"6' 4""",261,USA,55,1992-08-14,.247,22,74,.744,.325,.419,135,52,63,0,1,2,28,0,24.86,150,547,605137
Cody Bellinger,28,112,CF,L,L,"6' 4""",203,USA,24,1995-07-13,.307,26,97,.881,.356,.525,153,95,40,20,6,5,29,1,19.19,130,499,641355
Brandon Belt,35,141,DH,L,L,"6' 3""",230,USA,13,1988-04-20,.254,19,43,.859,.369,.490,86,53,61,0,0,2,23,0,17.84,103,339,474832
Anthony Bemboom,33,110,C,R,L,"6' 2""",195,USA,37,1990-01-18,.182,0,0,.490,.308,.182,2,0,2,0,0,0,0,0,-.--,6,11,621532
Andrew Benintendi,29,145,LF,L,L,"5' 9""",180,USA,23,1994-07-06,.262,5,45,.682,.326,.356,147,72,52,13,2,3,34,2,112.40,151,562,643217
Will Benson,25,113,LF,L,L,"6' 5""",230,USA,30,1998-06-16,.275,11,31,.863,.365,.498,79,51,40,19,3,1,15,8,26.09,108,287,666181
Jon Berti,33,146,SS,R,R,"5' 10""",190,USA,5,1990-01-22,.294,7,33,.749,.344,.405,114,53,29,16,6,2,16,3,55.43,133,388,542932
Christian Bethancourt,32,139,C,R,R,"6' 3""",205,Panama,14,1991-09-02,.225,11,33,.635,.254,.381,71,49,13,1,0,0,16,0,28.64,104,315,542194
Mookie Betts,31,119,RF,R,R,"5' 9""",180,USA,50,1992-10-07,.307,39,107,.987,.408,.579,179,126,96,14,3,8,40,1,14.97,152,584,605141
Bo Bichette,25,141,SS,R,R,"6' 0""",190,USA,11,1998-03-05,.306,20,73,.814,.339,.475,175,69,27,5,3,2,30,3,28.55,135,571,666182
Cavan Biggio,28,141,2B,R,L,"6' 2""",200,USA,8,1995-04-11,.235,9,40,.710,.340,.370,68,54,40,5,2,7,12,0,32.11,111,289,624415
Charlie Blackmon,37,115,DH,L,L,"6' 3""",221,USA,19,1986-07-01,.279,8,40,.803,.363,.440,100,57,39,4,1,11,24,5,44.88,96,359,453568
Dairon Blanco,30,118,LF,R,R,"5' 11""",200,Cuba,44,1993-04-26,.258,3,18,.776,.324,.452,32,19,10,24,5,2,7,4,41.33,69,124,680118
Travis Blankenhorn,27,120,2B,R,L,"6' 0""",238,USA,33,1996-08-03,.161,1,1,.555,.297,.258,5,2,6,0,0,0,0,0,31.00,10,31,663905
JJ Bleday,26,133,LF,L,L,"6' 2""",205,USA,33,1997-11-10,.195,10,27,.665,.310,.355,50,35,42,5,1,2,11,0,25.60,82,256,668709
Xander Bogaerts,31,135,SS,R,R,"6' 2""",218,Aruba,2,1992-10-01,.285,19,58,.790,.350,.440,170,83,56,19,2,7,31,2,31.37,155,596,593428
Alec Bohm,27,143,1B,R,R,"6' 5""",218,USA,28,1996-08-03,.274,20,97,.764,.327,.437,153,74,42,4,1,5,31,0,27.90,145,558,664761
Sean Bouchard,27,115,LF,R,R,"6' 3""",215,USA,12,1996-05-16,.316,4,7,1.056,.372,.684,12,11,4,0,1,0,2,0,9.50,21,38,656248
Jackie Bradley Jr.,33,118,CF,R,L,"5' 10""",196,USA,41,1990-04-19,.133,1,6,.398,.188,.210,14,10,5,0,0,2,5,0,105.00,43,105,598265
Michael Brantley,36,117,DH,L,L,"6' 2""",209,USA,23,1987-05-15,.278,2,7,.724,.298,.426,15,7,2,0,0,0,2,0,27.00,15,54,488726
Alex Bregman,29,117,3B,R,R,"6' 0""",192,USA,2,1994-03-30,.262,25,98,.804,.363,.441,163,103,92,3,1,8,28,4,24.88,161,622,608324
Will Brennan,25,114,RF,L,L,"6' 0""",200,USA,17,1998-02-02,.266,5,41,.655,.299,.356,115,41,16,13,5,5,24,0,86.40,138,432,686823
Jonah Bride,28,133,3B,R,R,"5' 10""",200,USA,26,1995-12-27,.170,0,7,.491,.286,.205,15,9,11,0,1,4,3,0,-.--,40,88,681146
Mike Brosseau,29,158,3B,R,R,"5' 11""",203,USA,10,1994-03-15,.205,4,8,.653,.256,.397,15,4,4,0,0,1,2,0,18.25,29,73,670712
Seth Brown,31,133,LF,L,L,"6' 1""",223,USA,15,1992-07-13,.222,14,52,.691,.286,.405,76,33,30,3,1,2,19,1,24.50,112,343,664913
Vidal Brujan,25,139,RF,R,S,"5' 10""",180,Dominican Republic,7,1998-02-09,.171,0,6,.438,.241,.197,13,14,5,3,2,2,2,0,-.--,37,76,660644
Kris Bryant,31,115,RF,R,R,"6' 5""",230,USA,23,1992-01-04,.233,10,31,.680,.313,.367,70,36,29,0,0,6,10,0,30.00,80,300,592178
Peyton Burdick,26,146,CF,R,R,"6' 0""",205,USA,6,1997-02-26,.182,1,2,.603,.270,.333,6,4,3,1,0,1,2,0,33.00,14,33,680814
Jake Burger,27,146,3B,R,R,"6' 2""",230,USA,36,1996-04-10,.250,34,80,.827,.309,.518,123,71,32,1,1,12,28,1,14.47,141,492,669394
Alec Burleson,25,138,LF,L,L,"6' 2""",212,USA,41,1998-11-25,.244,8,36,.690,.300,.390,77,34,23,3,1,3,20,1,39.38,107,315,676475
Michael Busch,26,119,3B,R,L,"6' 1""",210,USA,83,1997-11-09,.167,2,7,.539,.247,.292,12,9,8,1,0,0,3,0,36.00,27,72,683737
Lawrence Butler,23,133,OF,R,L,"6' 3""",210,USA,22,2000-07-10,.211,4,10,.581,.240,.341,26,10,4,0,0,1,4,0,30.75,42,123,671732
Byron Buxton,30,142,DH,R,R,"6' 2""",190,USA,25,1993-12-18,.207,17,42,.732,.294,.438,63,49,35,9,0,4,17,1,17.88,85,304,621439
Jose Caballero,27,136,2B,R,R,"5' 9""",185,Panama,76,1996-08-30,.221,4,26,.663,.343,.320,51,37,28,26,3,17,9,1,57.75,104,231,676609
Trey Cabbage,26,108,1B,R,L,"6' 2""",204,USA,75,1997-05-03,.208,1,7,.553,.232,.321,11,5,2,1,1,0,3,0,53.00,22,53,663550
Miguel Cabrera,40,116,DH,R,R,"6' 4""",267,Venezuela,24,1983-04-18,.257,4,34,.675,.322,.353,86,21,31,0,0,2,20,0,83.50,98,334,408234
Oswaldo Cabrera,24,147,LF,R,S,"5' 11""",200,Venezuela,95,1999-03-01,.211,5,29,.574,.275,.299,63,35,25,8,0,2,11,0,59.60,115,298,665828
Kole Calhoun,36,114,RF,L,L,"5' 10""",205,USA,56,1987-10-14,.217,6,25,.658,.282,.376,34,18,13,0,1,2,7,0,26.17,43,157,594777
Willie Calhoun,29,147,RF,R,L,"5' 8""",205,USA,24,1994-11-04,.239,5,16,.712,.309,.403,32,16,14,0,0,0,7,0,26.80,44,134,641432
Alex Call,29,120,CF,R,R,"5' 11""",189,USA,17,1994-09-27,.200,8,38,.614,.307,.307,75,43,53,9,8,6,14,1,46.88,128,375,669743
Johan Camargo,30,137,3B,R,S,"5' 11""",195,Panama,10,1993-12-13,.222,0,2,.522,.300,.222,4,0,1,0,0,1,0,0,-.--,8,18,622666
Junior Caminero,20,139,SS,R,R,"6' 1""",157,Dominican Republic,1,2003-07-05,.235,1,7,.631,.278,.353,8,4,2,0,0,0,1,0,34.00,7,34,691406
Luis Campusano,25,135,C,R,R,"5' 11""",232,USA,12,1998-09-29,.319,7,30,.847,.356,.491,52,27,7,0,0,3,7,0,23.29,49,163,669134
Alexander Canario,23,112,CF,R,R,"5' 11""",165,Dominican Republic,4,2000-05-07,.294,1,6,.941,.294,.647,5,1,0,0,0,0,1,1,17.00,6,17,672744
Jeimer Candelario,30,120,3B,R,S,"6' 2""",222,USA,9,1993-11-24,.251,22,70,.807,.336,.471,127,77,53,8,1,13,39,3,22.96,140,505,600869
Mark Canha,34,121,LF,R,R,"6' 2""",209,USA,19,1989-02-15,.262,11,62,.755,.355,.400,114,51,49,11,1,17,25,1,39.54,139,435,592192
Dominic Canzone,26,109,OF,R,L,"5' 11""",190,USA,6,1997-08-16,.220,6,21,.657,.258,.399,38,23,8,1,0,1,13,0,28.83,59,173,686527
Conner Capel,26,133,RF,L,L,"6' 1""",185,USA,21,1997-05-19,.260,0,3,.701,.372,.329,19,6,12,5,3,1,5,0,-.--,32,73,668843
Vinny Capra,27,134,3B,R,R,"5' 8""",180,USA,71,1996-07-07,.167,0,1,.472,.250,.222,3,3,2,0,0,0,1,0,-.--,9,18,681962
Victor Caratini,30,158,C,R,S,"5' 11""",225,Puerto Rico,7,1993-08-17,.259,7,25,.710,.327,.383,52,23,19,1,1,3,4,0,28.71,62,201,605170
Dylan Carlson,25,138,CF,L,S,"6' 2""",205,USA,3,1998-10-23,.219,5,27,.651,.318,.333,48,27,26,3,0,7,8,1,43.80,76,219,666185
Kerry Carpenter,26,116,RF,R,L,"6' 2""",220,USA,30,1997-09-02,.278,20,64,.811,.340,.471,116,57,32,6,0,8,17,2,20.90,118,418,681481
Matt Carpenter,38,135,DH,R,L,"6' 4""",210,USA,14,1985-11-26,.176,5,31,.641,.322,.319,33,18,41,1,0,2,12,0,37.60,76,188,572761
Corbin Carroll,23,109,LF,L,L,"5' 10""",165,USA,7,2000-08-21,.285,25,76,.868,.362,.506,161,116,57,54,5,13,30,10,22.60,155,565,682998
Evan Carter,21,140,CF,R,L,"6' 2""",190,USA,32,2002-08-29,.306,5,12,1.058,.413,.645,19,15,12,3,0,0,4,1,12.40,23,62,694497
Curt Casali,35,113,C,R,R,"6' 2""",220,USA,12,1988-11-09,.175,0,6,.490,.290,.200,14,8,11,0,0,2,2,0,-.--,40,80,592200
Triston Casas,23,111,1B,R,L,"6' 5""",244,USA,36,2000-01-15,.263,24,65,.857,.367,.490,113,66,70,0,0,1,21,2,17.88,132,429,671213
Nick Castellanos,31,143,RF,R,R,"6' 4""",203,USA,8,1992-03-04,.272,29,106,.787,.311,.476,170,79,36,11,2,3,37,2,21.59,157,626,592206
Diego Castillo,26,109,SS,R,R,"5' 10""",185,Venezuela,64,1997-10-28,.000,0,0,.000,.000,.000,0,0,0,0,0,0,0,0,-.--,1,1,660636
Harold Castro,30,115,2B,R,L,"5' 10""",195,Venezuela,30,1993-11-30,.252,1,31,.589,.275,.314,65,24,9,1,0,0,13,0,258.00,99,258,605612
Rodolfo Castro,24,143,SS,R,S,"6' 0""",205,Dominican Republic,29,1999-05-21,.211,6,24,.619,.297,.322,48,21,23,1,4,5,7,0,37.83,92,227,666801
Willi Castro,26,142,LF,R,S,"6' 1""",206,Puerto Rico,50,1997-04-24,.257,9,34,.750,.339,.411,92,60,34,33,5,12,18,5,39.78,124,358,650489
Jake Cave,31,143,LF,L,L,"6' 0""",200,USA,44,1992-12-04,.212,5,21,.620,.272,.348,39,18,15,3,0,1,8,1,36.80,65,184,595909
Yu Chang,28,111,SS,R,R,"6' 1""",180,Taiwan,20,1995-08-18,.162,6,18,.552,.200,.352,17,12,3,4,0,2,2,0,17.50,39,105,644374
Matt Chapman,30,141,3B,R,R,"6' 0""",215,USA,26,1993-04-28,.240,17,54,.754,.330,.424,122,66,62,4,2,8,39,2,29.94,140,509,656305
Michael Chavis,28,120,2B,R,R,"5' 10""",190,USA,6,1995-08-11,.242,2,5,.622,.281,.341,22,16,5,1,0,0,3,0,45.50,48,91,656308
Jazz Chisholm Jr.,25,146,CF,R,L,"5' 11""",184,Bahamas,2,1998-02-01,.250,19,51,.761,.304,.457,88,50,26,22,3,2,12,2,18.53,97,352,665862
Ji Man Choi,32,135,1B,R,L,"6' 1""",260,Republic of Korea,91,1991-05-19,.163,6,13,.624,.239,.385,17,12,10,0,0,1,5,0,17.33,39,104,596847
Kody Clemens,27,143,1B,R,L,"6' 1""",200,USA,23,1996-05-15,.230,4,13,.644,.277,.367,32,15,8,0,0,1,7,0,34.75,49,139,665019
Ernie Clement,27,141,2B,R,R,"6' 0""",170,USA,28,1996-03-22,.380,1,10,.885,.385,.500,19,7,1,1,0,0,1,1,50.00,30,50,676391
Oscar Colas,25,145,RF,L,L,"5' 11""",209,Cuba,22,1998-09-17,.216,5,19,.571,.257,.314,53,32,12,4,3,2,9,0,49.00,75,245,693049
Zack Collins,28,114,C,R,L,"6' 3""",220,USA,32,1995-02-06,.500,0,0,1.167,.667,.500,2,0,2,0,0,0,0,0,-.--,2,4,641470
Michael Conforto,30,137,RF,R,L,"6' 1""",215,USA,8,1993-03-01,.239,15,58,.718,.334,.384,97,58,53,4,0,7,14,0,27.07,125,406,624424
William Contreras,26,158,C,R,R,"5' 11""",216,Venezuela,24,1997-12-24,.289,17,78,.824,.367,.457,156,86,63,6,1,5,38,1,31.76,141,540,661388
Willson Contreras,31,138,C,R,R,"6' 1""",225,Venezuela,40,1992-05-13,.264,20,67,.825,.358,.467,113,55,51,6,3,13,27,0,21.40,125,428,575929
Garrett Cooper,33,146,1B,R,R,"6' 5""",235,USA,26,1990-12-25,.251,17,61,.723,.304,.419,106,42,31,0,0,2,18,1,24.82,123,422,643265
Franchy Cordero,29,147,RF,R,L,"6' 3""",225,Dominican Republic,33,1994-09-02,.188,6,13,.689,.211,.478,13,9,2,0,0,0,2,0,11.50,24,69,614173
Carlos Correa,29,142,SS,R,R,"6' 4""",220,Puerto Rico,4,1994-09-22,.230,18,65,.711,.312,.399,118,60,59,0,0,4,29,2,28.56,135,514,621043
Colton Cowser,23,110,CF,R,L,"6' 2""",220,USA,17,2000-03-20,.115,0,4,.434,.286,.148,7,15,13,1,0,2,2,0,-.--,26,61,681297
Brandon Crawford,36,137,SS,R,L,"6' 1""",223,USA,35,1987-01-21,.194,7,38,.587,.273,.314,55,31,28,3,0,4,11,1,40.43,94,283,543063
J.P. Crawford,28,136,SS,R,L,"6' 2""",202,USA,3,1995-01-11,.266,19,65,.818,.380,.438,142,94,94,2,0,5,35,0,28.10,145,534,641487
C.J. Cron,33,115,1B,R,R,"6' 4""",235,USA,25,1990-01-05,.248,12,37,.729,.295,.434,64,38,17,0,0,1,12,0,21.50,71,258,543068
Jake Cronenworth,29,135,1B,R,L,"6' 0""",187,USA,9,1994-01-21,.229,10,48,.690,.312,.378,105,54,46,6,1,11,24,7,45.80,127,458,630105
Tyler Cropley,28,118,C,R,R,"5' 8""",185,USA,79,1995-12-10,.167,0,1,.310,.143,.167,1,0,0,0,0,0,0,0,-.--,2,6,680418
Pete Crow-Armstrong,21,112,CF,L,L,"5' 11""",184,USA,52,2002-03-25,.000,0,1,.176,.176,.000,0,3,3,2,2,0,0,0,-.--,13,14,691718
Nelson Cruz,43,135,DH,R,R,"6' 2""",230,Dominican Republic,32,1980-07-01,.245,5,23,.682,.283,.399,35,9,6,1,0,2,5,1,28.60,49,143,443558
Oneil Cruz,25,134,SS,R,L,"6' 7""",215,Dominican Republic,15,1998-10-04,.250,1,4,.750,.375,.375,8,7,7,3,0,0,1,0,32.00,9,32,665833
Charlie Culberson,34,144,3B,R,R,"6' 1""",200,USA,,1989-04-10,1.000,0,0,2.000,1.000,1.000,1,0,0,0,0,0,0,0,-.--,1,1,518586
David Dahl,29,135,RF,R,L,"6' 1""",197,USA,27,1994-04-01,.111,1,1,.555,.111,.444,1,1,0,0,0,0,0,0,9.00,4,9,621311
Bobby Dalbec,28,111,OF,R,R,"6' 4""",225,USA,29,1995-06-29,.204,1,1,.570,.264,.306,10,6,4,1,0,0,2,0,49.00,21,49,666915
Henry Davis,24,134,RF,R,R,"6' 0""",210,USA,32,1999-09-21,.213,7,24,.653,.302,.351,48,27,25,3,5,4,10,0,32.14,62,225,680779
J.D. Davis,30,137,3B,R,R,"6' 3""",218,USA,7,1993-04-27,.248,18,69,.738,.325,.413,119,61,52,1,0,6,23,1,26.67,144,480,605204
Jonathan Davis,31,146,CF,R,R,"5' 8""",190,USA,49,1992-05-12,.244,2,10,.685,.307,.378,22,22,7,1,2,2,4,1,45.00,34,90,641505
Yonathan Daza,29,115,CF,R,R,"6' 2""",207,Venezuela,2,1994-02-28,.270,0,7,.655,.304,.351,20,8,3,1,0,1,6,0,-.--,24,74,602074
Bryan De La Cruz,27,146,LF,R,R,"6' 2""",175,Dominican Republic,14,1996-12-16,.257,19,78,.715,.304,.411,149,60,40,4,1,1,32,0,30.47,153,579,650559
Elly De La Cruz,21,113,3B,R,S,"6' 5""",200,Dominican Republic,44,2002-01-11,.235,13,44,.710,.300,.410,91,67,35,35,8,2,15,7,29.85,98,388,682829
Paul DeJong,30,141,SS,R,R,"6' 0""",205,USA,10,1993-08-02,.207,14,38,.613,.258,.355,77,41,21,4,4,5,13,0,26.57,112,372,657557
Jonny DeLuca,25,119,LF,R,R,"6' 0""",200,USA,89,1998-07-10,.262,2,6,.740,.311,.429,11,5,3,1,0,0,1,0,21.00,24,42,676356
Jason Delay,28,134,C,R,R,"5' 11""",190,USA,55,1995-03-07,.251,1,18,.666,.319,.347,42,20,14,0,0,3,11,1,167.00,70,167,641511
Rafael Devers,27,111,3B,R,L,"6' 0""",235,Dominican Republic,11,1996-10-24,.271,33,100,.851,.351,.500,157,90,62,5,1,11,34,0,17.58,153,580,646240
Aledmys Diaz,33,133,SS,R,R,"6' 1""",195,Cuba,12,1990-08-01,.229,4,24,.617,.280,.337,72,25,17,1,0,7,20,1,78.75,109,315,649557
Elias Diaz,33,115,C,R,R,"6' 1""",223,Venezuela,35,1990-11-17,.267,14,72,.725,.316,.409,130,48,34,1,0,2,25,1,34.71,141,486,553869
Isan Diaz,27,116,2B,R,L,"5' 10""",201,Puerto Rico,40,1996-05-27,.042,0,1,.157,.115,.042,1,0,2,0,0,0,0,0,-.--,8,24,656371
Jordan Diaz,23,133,2B,R,R,"5' 10""",175,Colombia,13,2000-08-13,.221,10,27,.637,.273,.364,60,20,17,0,1,3,9,0,27.20,90,272,672478
Yainer Diaz,25,117,C,R,R,"6' 0""",195,Dominican Republic,21,1998-09-21,.282,23,60,.846,.308,.538,100,51,11,0,0,5,22,0,15.44,104,355,673237
Yandy Diaz,32,139,1B,R,R,"6' 2""",215,Cuba,2,1991-08-08,.330,22,78,.932,.410,.522,173,95,65,0,1,8,35,0,23.86,137,525,650490
Corey Dickerson,34,120,LF,R,L,"6' 1""",212,USA,23,1989-05-22,.250,2,17,.637,.283,.354,36,12,7,0,1,0,7,1,72.00,50,144,572816
Brandon Dixon,31,135,1B,R,R,"6' 2""",215,USA,16,1992-01-29,.203,2,9,.573,.244,.329,16,10,1,1,0,4,4,0,39.50,33,79,641525
Jasson Dominguez,20,147,CF,R,S,"5' 9""",190,Dominican Republic,89,2003-02-07,.258,4,7,.980,.303,.677,8,6,2,1,0,0,1,0,7.75,8,31,691176
Josh Donaldson,38,158,3B,R,R,"6' 1""",210,USA,3,1985-12-08,.152,13,26,.667,.249,.418,25,18,22,0,0,0,5,0,12.69,51,165,518626
Brendan Donovan,26,138,2B,R,L,"6' 1""",195,Germany,33,1997-01-16,.284,11,34,.787,.365,.422,93,48,33,5,1,9,10,1,29.73,95,327,680977
Jeter Downs,25,120,2B,R,R,"5' 11""",197,Colombia,3,1998-07-27,.400,0,1,1.067,.667,.400,2,4,4,2,0,0,0,0,-.--,6,5,669023
Brenton Doyle,25,115,CF,R,R,"6' 2""",200,USA,9,1998-05-14,.203,10,48,.593,.250,.343,81,48,22,22,5,4,16,5,39.90,126,399,686668
Hunter Dozier,32,118,3B,R,R,"6' 4""",220,USA,17,1991-08-22,.183,2,9,.558,.253,.305,15,8,8,2,0,0,2,1,41.00,29,82,641531
Brandon Drury,31,108,2B,R,R,"6' 2""",230,USA,23,1992-08-21,.262,26,83,.803,.306,.497,127,61,25,0,2,8,30,3,18.65,125,485,592273
Mauricio Dubon,29,117,2B,R,R,"6' 0""",173,Honduras,14,1994-07-19,.278,10,46,.720,.309,.411,130,76,19,7,2,3,26,3,46.70,132,467,643289
Matt Duffy,32,118,3B,R,R,"6' 2""",190,USA,15,1991-01-15,.251,2,16,.631,.306,.325,48,17,12,1,0,4,8,0,95.50,79,191,622110
Ezequiel Duran,24,140,SS,R,R,"5' 11""",185,Dominican Republic,20,1999-05-22,.276,14,46,.767,.324,.443,112,55,23,8,4,7,22,2,29.00,122,406,677649
Jarren Duran,27,111,CF,R,L,"6' 2""",205,USA,16,1996-09-05,.295,8,40,.828,.346,.482,98,46,24,24,2,3,34,2,41.50,102,332,680776
Adam Duvall,35,111,CF,R,R,"6' 1""",233,USA,18,1988-09-04,.247,21,58,.834,.303,.531,79,45,22,4,0,6,24,2,15.24,92,320,594807
Nate Eaton,27,118,RF,R,R,"5' 11""",200,USA,18,1996-12-22,.075,0,1,.200,.125,.075,4,2,2,3,0,1,0,0,-.--,28,53,681987
Cam Eden,25,141,CF,R,R,"6' 1""",205,USA,31,1998-03-31,.167,0,0,.334,.167,.167,1,1,0,0,0,0,0,0,-.--,5,6,686490
Tommy Edman,28,138,SS,R,S,"5' 10""",180,USA,19,1995-05-09,.248,13,47,.706,.307,.399,119,69,35,27,4,7,25,4,36.85,137,479,669242
Xavier Edwards,24,146,SS,R,S,"5' 10""",175,USA,63,1999-08-09,.295,0,3,.662,.329,.333,23,12,3,5,0,1,3,0,-.--,30,78,669364
Drew Ellis,28,143,3B,R,R,"6' 3""",205,USA,35,1995-12-01,.217,2,4,.857,.379,.478,5,4,6,0,1,0,0,0,11.50,12,23,656403
Christian Encarnacion-Strand,24,113,1B,R,R,"6' 0""",224,USA,33,1999-12-01,.270,13,37,.805,.328,.477,60,29,14,2,0,5,7,0,17.08,63,222,687952
Adam Engel,32,135,CF,R,R,"6' 2""",215,USA,5,1991-12-09,.000,0,0,.000,.000,.000,0,0,0,0,1,0,0,0,-.--,5,6,641553
Eduardo Escobar,34,121,3B,R,S,"5' 10""",193,Venezuela,10,1989-01-05,.226,6,31,.613,.269,.344,65,32,18,2,1,0,6,5,48.00,100,288,500871
Santiago Espinal,29,141,2B,R,R,"5' 10""",185,Dominican Republic,5,1994-11-13,.248,2,25,.645,.310,.335,57,30,18,2,1,3,14,0,115.00,93,230,669289
Thairo Estrada,27,137,2B,R,R,"5' 10""",185,Venezuela,39,1996-02-22,.271,14,49,.731,.315,.416,134,63,22,23,7,11,26,2,35.36,120,495,642731
Stuart Fairchild,27,113,LF,R,R,"6' 0""",205,USA,17,1996-03-17,.228,5,28,.709,.321,.388,50,34,25,10,3,6,16,2,43.80,97,219,656413
Kyle Farmer,33,142,3B,R,R,"6' 0""",205,USA,12,1990-08-17,.256,11,46,.725,.317,.408,86,49,23,2,4,8,14,2,30.54,120,336,571657
Freddy Fermin,28,118,C,R,R,"5' 9""",200,Venezuela,34,1995-05-16,.281,9,32,.782,.321,.461,61,26,13,0,0,1,10,1,24.11,70,217,666023
Jose Fermin,24,138,2B,R,R,"5' 9""",200,Dominican Republic,35,1999-03-29,.235,0,4,.594,.339,.255,12,2,6,0,1,2,1,0,-.--,21,51,665877
Tyler Fitzgerald,26,137,SS,R,R,"6' 3""",205,USA,49,1997-09-15,.219,2,5,.734,.265,.469,7,3,2,2,0,0,2,0,16.00,10,32,666149
David Fletcher,29,108,SS,R,R,"5' 9""",185,USA,22,1994-05-31,.247,2,12,.628,.302,.326,22,7,7,0,0,0,1,0,44.50,33,89,664058
Dominic Fletcher,26,109,CF,L,L,"5' 6""",185,USA,8,1997-09-02,.301,2,14,.791,.350,.441,28,10,7,0,2,0,5,1,46.50,28,93,666150
Wilmer Flores,32,137,1B,R,R,"6' 2""",213,Venezuela,41,1991-08-06,.284,23,60,.864,.355,.509,115,51,41,0,0,5,22,0,17.61,126,405,527038
Estevan Florial,26,147,RF,R,L,"6' 1""",195,Dominican Republic,90,1997-11-25,.230,0,8,.635,.324,.311,14,5,7,3,0,2,3,1,-.--,19,61,664314
Mike Ford,31,136,1B,R,L,"6' 0""",225,USA,20,1992-07-04,.228,16,34,.798,.323,.475,50,32,24,0,0,7,6,0,13.69,84,219,645801
Nick Fortes,27,146,C,R,R,"5' 11""",198,USA,4,1996-11-11,.204,6,26,.562,.263,.299,60,33,17,4,2,7,10,0,49.00,108,294,663743
Jake Fraley,28,113,RF,L,L,"6' 0""",206,USA,27,1995-05-25,.256,15,65,.782,.339,.443,86,41,37,21,5,6,18,0,22.40,111,336,641584
Ty France,29,136,1B,R,R,"5' 11""",215,USA,23,1994-07-13,.250,12,58,.703,.337,.366,147,79,43,1,0,34,32,0,48.92,158,587,664034
Wander Franco,22,139,SS,R,S,"5' 10""",189,Dominican Republic,5,2001-03-01,.281,17,58,.819,.344,.475,124,65,42,30,10,3,23,6,26.00,112,442,677551
Adam Frazier,32,110,2B,R,L,"5' 10""",180,USA,12,1991-12-14,.240,13,60,.696,.300,.396,99,59,32,11,4,4,21,2,31.69,141,412,624428
Clint Frazier,29,145,RF,R,R,"5' 11""",212,USA,15,1994-09-06,.197,0,3,.545,.303,.242,13,10,10,4,2,0,1,1,-.--,33,66,640449
Freddie Freeman,34,119,1B,R,L,"6' 5""",220,USA,5,1989-09-12,.331,29,102,.977,.410,.567,211,131,72,23,1,16,59,2,21.97,161,637,518692
Tyler Freeman,24,114,3B,R,R,"6' 0""",190,USA,2,1999-05-21,.242,4,18,.661,.295,.366,37,20,10,5,0,2,7,0,38.25,64,153,671289
Sal Frelick,23,158,OF,R,L,"5' 10""",182,USA,10,2000-04-19,.246,3,24,.692,.341,.351,47,29,28,7,0,1,9,1,63.67,57,191,686217
TJ Friedl,28,113,CF,L,L,"5' 10""",180,USA,29,1995-08-14,.279,18,66,.819,.352,.467,136,73,47,27,6,10,22,8,27.11,138,488,670770
David Fry,28,114,C,R,R,"6' 0""",215,USA,12,1995-11-20,.238,4,15,.735,.319,.416,24,12,8,2,0,4,6,0,25.25,58,101,681807
Cam Gallagher,31,114,C,R,R,"6' 3""",230,USA,35,1992-12-06,.126,0,7,.322,.154,.168,18,6,4,0,0,1,6,0,-.--,56,143,595956
Joey Gallo,30,142,LF,R,L,"6' 5""",250,USA,13,1993-11-19,.177,21,40,.741,.301,.440,50,39,48,1,1,2,9,1,13.43,111,282,608336
Ben Gamel,31,135,LF,L,L,"5' 10""",180,USA,16,1992-05-17,.200,0,2,.467,.200,.267,3,2,0,0,0,0,1,0,-.--,6,15,592325
Avisail Garcia,32,146,RF,R,R,"6' 4""",250,Venezuela,24,1991-06-12,.185,3,12,.556,.241,.315,20,8,6,2,0,2,3,1,36.00,37,108,541645
Adolis Garcia,30,140,RF,R,R,"6' 1""",205,Cuba,53,1993-03-02,.245,39,107,.836,.328,.508,136,108,65,9,1,6,29,0,14.23,148,555,666969
Luis Garcia,23,120,2B,R,L,"6' 2""",220,USA,2,2000-05-16,.266,9,50,.689,.304,.385,119,61,27,9,4,0,18,4,49.67,122,447,671277
Maikel Garcia,23,118,3B,R,R,"6' 0""",180,Venezuela,11,2000-03-03,.272,4,50,.681,.323,.358,126,59,38,23,7,2,20,4,116.00,123,464,672580
Kyle Garlick,31,142,LF,R,R,"6' 1""",210,USA,30,1992-01-26,.179,2,4,.662,.233,.429,5,2,2,0,0,0,1,0,14.00,14,28,664247
Stone Garrett,28,120,LF,R,R,"6' 2""",224,USA,36,1995-11-22,.269,9,40,.800,.343,.457,63,40,26,3,1,3,17,0,26.00,89,234,656448
Mitch Garver,32,140,C,R,R,"6' 1""",220,USA,18,1991-01-15,.270,19,50,.870,.370,.500,80,45,44,0,0,3,11,0,15.58,87,296,641598
Zack Gelof,24,133,2B,R,R,"6' 2""",205,USA,20,1999-10-19,.267,14,32,.841,.337,.504,72,40,26,14,2,3,20,1,19.29,69,270,680869
Andres Gimenez,25,114,2B,R,L,"5' 11""",161,Venezuela,0,1998-09-04,.251,15,62,.713,.314,.399,140,76,32,30,6,20,27,5,37.13,153,557,665926
Paul Goldschmidt,36,138,1B,R,R,"6' 3""",220,USA,46,1987-09-10,.268,25,80,.810,.363,.447,159,89,87,11,2,3,31,0,23.72,154,593,502671
Yan Gomes,36,112,C,R,R,"6' 2""",212,Brazil,15,1987-07-19,.267,10,63,.723,.315,.408,102,44,21,1,0,9,20,2,38.20,116,382,543228
Nick Gonzales,24,134,2B,R,R,"5' 9""",190,USA,39,1999-05-27,.209,2,13,.616,.268,.348,24,12,6,0,1,4,8,1,57.50,35,115,693304
Oscar Gonzalez,25,114,RF,R,R,"6' 4""",240,Dominican Republic,39,1998-01-10,.214,2,12,.551,.239,.312,37,15,5,0,0,1,7,2,86.50,54,173,660757
Romy Gonzalez,27,145,2B,R,R,"6' 1""",215,USA,12,1996-09-06,.194,3,14,.584,.208,.376,18,11,2,7,0,0,4,2,31.00,44,93,663853
Hunter Goodman,24,115,1B,R,R,"5' 11""",210,USA,15,1999-10-08,.200,1,17,.633,.247,.386,14,6,5,1,0,0,4,3,70.00,23,70,696100
Nick Gordon,28,142,CF,R,L,"6' 0""",160,USA,1,1995-10-24,.176,2,7,.504,.185,.319,16,13,1,0,0,0,5,1,45.50,34,91,624503
Nolan Gorman,23,138,2B,R,L,"6' 1""",210,USA,16,2000-05-10,.236,27,76,.806,.328,.478,96,59,53,7,2,3,17,0,15.04,119,406,669357
Yasmani Grandal,35,145,C,R,S,"6' 2""",225,Cuba,24,1988-11-08,.234,8,33,.648,.309,.339,85,33,36,0,0,4,14,0,45.38,118,363,518735
Tristan Gray,27,139,3B,R,L,"5' 11""",215,USA,9,1996-03-22,.400,1,1,1.400,.400,1.000,2,1,0,0,0,0,0,0,5.00,2,5,656484
Riley Greene,23,116,CF,L,L,"6' 3""",200,USA,31,2000-09-28,.288,11,37,.796,.349,.447,109,51,35,7,0,1,19,4,34.36,99,378,682985
Randal Grichuk,32,115,RF,R,R,"6' 2""",216,USA,15,1991-08-13,.267,16,44,.780,.321,.459,116,65,29,2,2,6,31,2,27.12,118,434,545341
Trent Grisham,27,135,CF,L,L,"5' 11""",224,USA,1,1996-11-01,.198,13,50,.667,.315,.352,93,67,75,15,3,5,31,1,36.08,153,469,663757
Vaughn Grissom,22,144,SS,R,R,"6' 2""",210,USA,18,2001-01-05,.280,0,9,.660,.313,.347,21,5,2,0,1,2,3,1,-.--,23,75,687093
Robbie Grossman,34,140,LF,L,S,"6' 0""",209,USA,4,1989-09-16,.238,10,49,.734,.340,.394,84,56,57,1,0,2,23,1,35.30,115,353,543257
Vladimir Guerrero Jr.,24,141,1B,R,R,"6' 2""",245,Canada,27,1999-03-16,.264,26,94,.789,.345,.444,159,78,67,5,3,9,30,0,23.15,156,602,665489
Luis Guillorme,29,121,2B,R,L,"5' 10""",190,Venezuela,13,1994-09-27,.224,1,9,.615,.288,.327,24,12,10,0,0,0,6,1,107.00,54,107,641645
Lourdes Gurriel Jr.,30,109,LF,R,R,"6' 4""",215,Cuba,12,1993-10-10,.261,24,82,.772,.309,.463,144,65,33,5,0,6,35,2,22.96,145,551,666971
Yuli Gurriel,39,146,1B,R,R,"6' 0""",215,Cuba,10,1984-06-09,.245,4,27,.663,.304,.359,73,32,26,4,0,1,16,3,74.50,108,298,493329
Dalton Guthrie,28,143,CF,R,R,"5' 11""",160,USA,18,1995-12-23,.167,0,0,.494,.286,.208,4,4,3,0,0,1,1,0,-.--,23,24,656495
Eric Haase,31,116,C,R,R,"5' 10""",210,USA,13,1992-12-18,.201,4,26,.528,.247,.281,55,22,17,4,1,0,8,1,68.50,89,274,606992
Sam Haggerty,29,136,2B,R,S,"5' 11""",175,USA,0,1994-05-26,.253,1,5,.705,.364,.341,23,13,15,10,1,1,3,1,91.00,52,91,664059
Darick Hall,28,143,1B,R,L,"6' 4""",232,USA,24,1995-07-25,.167,1,3,.437,.196,.241,9,2,2,0,0,0,1,0,54.00,18,54,669742
Billy Hamilton,33,145,RF,R,S,"6' 0""",160,USA,0,1990-09-09,.000,0,0,.000,.000,.000,0,2,0,2,0,0,0,0,-.--,3,2,571740
Caleb Hamilton,28,111,C,R,R,"6' 0""",212,USA,77,1995-02-05,.000,0,0,.167,.167,.000,0,0,1,0,0,0,0,0,-.--,4,5,643348
David Hamilton,26,111,SS,R,L,"5' 10""",188,USA,70,1997-09-29,.121,0,0,.438,.256,.182,4,2,6,2,1,0,2,0,-.--,15,33,666152
Garrett Hampson,29,146,SS,R,R,"5' 11""",196,USA,1,1994-10-10,.276,3,23,.729,.349,.380,61,30,23,5,0,3,12,1,73.67,98,221,641658
Mitch Haniger,33,137,LF,R,R,"6' 2""",214,USA,17,1990-12-23,.209,6,28,.631,.266,.365,44,27,15,1,0,2,13,1,35.17,61,211,571745
Ian Happ,29,112,LF,R,S,"6' 0""",205,USA,8,1994-08-12,.248,21,84,.791,.360,.431,144,86,99,14,3,6,35,4,27.62,158,580,664023
Bryce Harper,31,143,DH,R,L,"6' 3""",210,USA,3,1992-10-16,.293,21,72,.900,.401,.499,134,84,80,11,3,5,29,1,21.76,126,457,547180
Michael Harris II,22,144,CF,L,L,"6' 0""",195,USA,23,2001-03-07,.293,18,57,.808,.331,.477,148,76,25,20,4,5,33,3,28.06,138,505,671739
Josh Harrison,36,143,3B,R,R,"5' 8""",190,USA,2,1987-07-08,.204,2,10,.554,.263,.291,21,8,3,0,0,6,3,0,51.50,41,103,543281
Adam Haseley,27,145,RF,L,L,"6' 1""",190,USA,51,1996-04-12,.222,0,2,.560,.282,.278,8,6,3,1,0,0,2,0,-.--,28,36,656514
Ke'Bryan Hayes,26,134,3B,R,R,"5' 11""",195,USA,13,1997-01-28,.271,15,61,.762,.309,.453,134,65,28,10,6,0,31,7,32.93,124,494,663647
Austin Hays,28,110,LF,R,R,"5' 11""",200,USA,21,1995-07-05,.275,16,67,.769,.325,.444,143,76,38,5,1,3,36,2,32.50,144,520,669720
Austin Hedges,31,140,C,R,R,"6' 1""",220,USA,11,1992-08-18,.184,1,16,.461,.234,.227,34,14,11,1,0,2,5,0,185.00,82,185,595978
Jonah Heim,28,140,C,R,S,"6' 4""",220,USA,28,1995-06-27,.258,18,95,.755,.317,.438,118,61,40,2,0,1,28,0,25.39,131,457,641680
Tyler Heineman,32,141,C,R,S,"5' 10""",190,USA,55,1991-06-19,.237,0,3,.699,.383,.316,9,5,8,1,0,1,1,1,-.--,22,38,623168
Gunnar Henderson,22,110,3B,R,L,"6' 3""",220,USA,2,2001-06-29,.255,28,82,.814,.325,.489,143,100,56,10,3,3,29,9,20.00,150,560,683002
David Hensley,27,117,2B,R,R,"6' 6""",190,USA,17,1996-03-28,.119,1,3,.380,.213,.167,10,12,10,1,0,0,1,0,84.00,30,84,682073
Enrique Hernandez,32,119,SS,R,R,"5' 11""",195,Puerto Rico,8,1991-08-24,.237,11,61,.646,.289,.357,110,57,34,4,1,3,23,0,42.27,140,465,571771
Teoscar Hernandez,31,136,RF,R,R,"6' 2""",215,Dominican Republic,35,1992-10-15,.258,26,93,.740,.305,.435,161,70,38,7,2,8,29,2,24.04,160,625,606192
Yonny Hernandez,25,119,SS,R,S,"5' 9""",140,Venezuela,60,1998-05-04,.136,0,4,.413,.231,.182,3,5,2,0,0,1,1,0,-.--,14,22,660634
Ivan Herrera,23,138,C,R,R,"5' 11""",220,Panama,48,2000-06-01,.297,0,4,.760,.409,.351,11,6,5,0,0,2,2,0,-.--,13,37,671056
Jose Herrera,26,109,C,R,S,"5' 10""",217,Venezuela,11,1997-02-24,.208,0,7,.553,.296,.257,21,15,13,1,0,0,5,0,-.--,43,101,645444
Jason Heyward,34,119,RF,L,L,"6' 5""",240,USA,23,1989-08-09,.269,15,40,.813,.340,.473,90,56,34,2,2,3,23,0,22.27,124,334,518792
Aaron Hicks,34,110,CF,R,S,"6' 1""",205,USA,34,1989-10-02,.253,8,36,.736,.353,.383,68,44,42,6,0,0,9,1,33.62,93,269,543305
Kyle Higashioka,33,147,C,R,R,"6' 1""",202,USA,66,1990-04-20,.236,10,34,.687,.274,.413,57,24,14,0,0,0,13,0,24.20,92,242,543309
Derek Hill,28,120,CF,R,R,"6' 2""",206,USA,34,1995-12-30,.170,0,1,.411,.220,.191,8,3,3,1,0,0,1,0,-.--,13,47,656537
Sam Hilliard,29,144,CF,L,L,"6' 5""",236,USA,14,1994-02-21,.236,3,6,.726,.295,.431,17,15,6,4,0,0,5,0,24.00,40,72,656541
Nico Hoerner,26,112,2B,R,R,"6' 1""",200,USA,2,1997-05-13,.283,9,68,.729,.346,.383,175,98,49,43,7,14,27,4,68.78,150,619,663538
TJ Hopkins,26,113,CF,R,R,"6' 1""",195,USA,26,1997-01-16,.171,0,1,.398,.227,.171,7,7,2,1,0,1,0,0,-.--,25,41,686759
Spencer Horwitz,26,141,1B,R,L,"5' 10""",190,USA,48,1997-11-14,.256,1,7,.726,.341,.385,10,5,4,0,0,1,2,0,39.00,15,39,687462
Eric Hosmer,34,112,1B,L,L,"6' 4""",226,USA,51,1989-10-24,.234,2,14,.610,.280,.330,22,7,6,0,0,0,3,0,47.00,31,94,543333
Sam Huff,25,140,C,R,R,"6' 4""",240,USA,55,1998-01-14,.256,3,6,.801,.289,.512,11,5,2,0,0,0,2,0,14.33,21,43,669087
Cooper Hummel,29,136,OF,R,S,"5' 10""",198,USA,21,1994-11-28,.087,0,0,.322,.192,.130,2,2,2,1,0,1,1,0,-.--,10,23,669450
Andy Ibanez,30,116,2B,R,R,"5' 10""",205,Cuba,77,1993-04-03,.264,11,41,.745,.312,.433,94,42,24,1,0,1,23,2,32.36,114,356,628451
Jonathan India,27,113,2B,R,R,"6' 0""",200,USA,6,1996-12-15,.244,17,61,.745,.338,.407,111,78,52,14,2,16,23,0,26.71,119,454,663697
Kyle Isbel,26,118,CF,R,L,"5' 11""",190,USA,28,1997-03-03,.240,5,34,.662,.282,.380,70,45,17,7,1,1,22,2,58.40,91,292,664728
Travis Jankowski,32,140,LF,R,L,"6' 2""",190,USA,16,1991-06-15,.263,1,30,.689,.357,.332,65,34,35,19,1,2,12,1,247.00,107,247,608671
Danny Jansen,28,141,C,R,R,"6' 2""",215,USA,9,1995-04-15,.228,17,53,.786,.312,.474,61,38,23,0,0,10,15,0,15.76,86,268,643376
Ryan Jeffers,26,142,C,R,R,"6' 4""",235,USA,27,1997-06-03,.276,14,43,.859,.369,.490,79,46,33,3,2,10,15,2,20.43,96,286,680777
Eloy Jimenez,27,145,DH,R,R,"6' 4""",240,Dominican Republic,74,1996-11-27,.272,18,64,.758,.317,.441,124,50,30,0,0,1,23,0,25.33,120,456,650391
Connor Joe,31,134,RF,R,R,"6' 0""",205,USA,2,1992-08-16,.247,11,42,.760,.339,.421,102,63,50,3,5,8,31,4,37.54,133,413,656582
Bryce Johnson,28,137,CF,R,S,"6' 1""",195,USA,58,1995-10-27,.163,1,3,.485,.229,.256,7,7,4,3,0,0,1,0,43.00,30,43,669369
Jahmai Jones,26,158,DH,R,R,"6' 0""",210,USA,12,1997-08-04,.200,0,3,.573,.273,.300,2,2,1,1,0,0,1,0,-.--,7,10,663330
Nolan Jones,25,115,RF,R,L,"6' 4""",195,USA,22,1998-05-07,.297,20,62,.931,.389,.542,109,60,53,20,4,3,22,4,18.35,106,367,666134
Aaron Judge,31,147,RF,R,R,"6' 7""",282,USA,99,1992-04-26,.267,37,75,1.019,.406,.613,98,79,88,3,1,0,16,0,9.92,106,367,592450
Edouard Julien,24,142,2B,R,L,"6' 0""",195,Canada,47,1999-04-30,.263,16,37,.840,.381,.459,89,60,64,3,0,2,16,1,21.12,109,338,666397
Corey Julks,27,117,LF,R,R,"6' 1""",185,USA,9,1996-02-27,.245,6,33,.649,.297,.352,73,35,22,15,3,1,14,0,49.67,93,298,667452
Josh Jung,25,140,3B,R,R,"6' 2""",214,USA,6,1998-02-12,.266,23,70,.782,.315,.467,127,75,30,1,3,5,25,1,20.78,122,478,673962
Connor Kaiser,27,115,SS,R,R,"6' 3""",195,USA,56,1996-11-20,.000,0,0,.000,.000,.000,0,0,0,0,0,0,0,0,-.--,3,4,663731
Jarred Kelenic,24,136,LF,L,L,"6' 1""",206,USA,10,1999-07-16,.253,11,49,.746,.327,.419,94,44,41,13,5,1,25,2,33.82,105,372,672284
Carson Kelly,29,116,C,R,R,"6' 2""",212,USA,15,1994-07-14,.206,2,13,.565,.278,.287,28,13,14,1,0,0,5,0,68.00,52,136,608348
Tony Kemp,32,133,2B,R,L,"5' 6""",160,USA,5,1991-10-31,.209,5,27,.607,.303,.304,75,42,44,15,4,6,13,3,71.80,124,359,643393
Buddy Kennedy,25,109,2B,R,R,"5' 9""",190,USA,16,1998-10-05,.167,0,1,.518,.310,.208,4,1,4,0,0,1,1,0,-.--,10,24,671083
Max Kepler,30,142,RF,L,L,"6' 4""",225,Germany,26,1993-02-10,.260,24,66,.816,.332,.484,114,72,45,1,1,4,22,2,18.25,130,438,596146
Grae Kessinger,26,117,SS,R,R,"6' 1""",204,USA,16,1997-08-25,.200,1,1,.614,.289,.325,8,3,5,0,1,0,2,0,40.00,26,40,666197
Carter Kieboom,26,120,3B,R,R,"6' 2""",211,USA,8,1997-09-03,.207,4,11,.634,.266,.368,18,12,6,0,0,1,2,0,21.75,27,87,666198
Kevin Kiermaier,33,141,CF,R,L,"6' 1""",210,USA,39,1990-04-22,.265,8,36,.741,.322,.419,98,58,29,14,1,4,21,6,46.25,129,370,595281
Ha-Seong Kim,28,135,2B,R,R,"5' 9""",168,Republic of Korea,7,1995-10-17,.260,17,60,.749,.351,.398,140,84,75,38,9,3,23,0,31.65,152,538,673490
Isiah Kiner-Falefa,28,147,OF,R,R,"5' 11""",190,USA,12,1995-03-23,.242,6,37,.646,.306,.340,79,39,28,14,5,3,12,1,54.33,115,326,643396
Alex Kirilloff,26,142,OF,L,L,"6' 2""",195,USA,19,1997-11-09,.270,11,41,.793,.348,.445,76,35,28,1,0,7,14,1,25.54,88,281,666135
Alejandro Kirk,25,141,C,R,R,"5' 8""",245,Mexico,30,1998-11-06,.250,8,43,.692,.334,.358,93,34,42,0,0,6,16,0,46.50,123,372,672386
Heston Kjerstad,24,110,RF,R,L,"6' 3""",205,USA,13,1999-02-12,.233,2,3,.748,.281,.467,7,3,2,0,0,0,1,0,15.00,13,30,677008
Andrew Knizner,28,138,C,R,R,"6' 1""",225,USA,7,1995-02-03,.241,10,31,.712,.288,.424,54,30,12,2,0,3,11,0,22.40,70,224,668800
Taylor Kohlwey,29,135,RF,L,L,"6' 1""",200,USA,38,1994-07-20,.154,0,0,.308,.154,.154,2,0,0,0,0,0,0,0,-.--,5,13,670128
Mark Kolozsvary,28,110,C,R,R,"5' 7""",185,USA,56,1995-09-04,.000,0,0,.000,.000,.000,0,0,0,0,0,0,0,0,-.--,1,0,656627
Ryan Kreidler,26,116,SS,R,R,"6' 4""",208,USA,32,1997-11-12,.111,0,0,.222,.111,.111,2,2,0,0,0,0,0,0,-.--,11,18,668952
Steven Kwan,26,114,LF,L,L,"5' 9""",170,USA,38,1997-09-05,.268,5,54,.710,.340,.370,171,93,70,21,3,3,36,7,127.60,158,638,680757
Tommy La Stella,34,136,DH,R,L,"5' 11""",180,USA,4,1989-01-31,.190,0,2,.530,.292,.238,4,2,3,0,0,0,1,0,-.--,12,21,600303
Jake Lamb,33,108,1B,R,L,"6' 3""",215,USA,18,1990-10-09,.216,2,5,.612,.259,.353,11,7,3,0,0,0,1,0,25.50,19,51,571875
Shea Langeliers,26,133,C,R,R,"6' 0""",205,USA,23,1997-11-18,.205,22,63,.681,.268,.413,92,52,34,3,2,5,19,4,20.36,135,448,669127
Trevor Larnach,26,142,LF,R,L,"6' 4""",223,USA,9,1997-02-26,.213,8,40,.726,.311,.415,39,26,27,1,1,0,7,3,22.88,58,183,663616
Ramon Laureano,29,114,RF,R,R,"5' 11""",203,Dominican Republic,10,1994-07-15,.224,9,35,.675,.304,.371,81,46,33,12,1,9,18,4,40.11,105,361,657656
Jordan Lawlar,21,109,SS,R,R,"6' 1""",190,USA,10,2002-07-17,.129,0,0,.335,.206,.129,4,2,2,1,1,1,0,0,-.--,14,31,691783
DJ LeMahieu,35,147,3B,R,R,"6' 4""",220,USA,26,1988-07-13,.243,15,44,.717,.327,.390,121,55,60,2,2,3,22,3,33.13,136,497,518934
Korey Lee,25,145,C,R,R,"6' 2""",210,USA,26,1998-07-25,.077,1,3,.281,.143,.138,5,4,5,0,0,0,1,0,65.00,24,65,686676
Sandy Leon,34,140,C,R,S,"5' 10""",235,Venezuela,12,1989-03-13,.146,0,4,.381,.186,.195,6,4,1,0,0,1,2,0,-.--,22,41,506702
Josh Lester,29,110,1B,R,L,"6' 3""",225,USA,49,1994-07-17,.182,0,4,.399,.217,.182,4,0,1,0,0,0,0,0,-.--,11,22,623507
Kyle Lewis,28,109,OF,R,R,"6' 4""",222,USA,1,1995-07-13,.157,1,2,.459,.204,.255,8,2,3,0,0,0,2,0,51.00,16,51,641786
Royce Lewis,24,142,3B,R,R,"6' 2""",200,USA,23,1999-06-05,.309,15,52,.920,.372,.548,67,36,20,6,1,2,7,0,14.47,58,217,668904
Francisco Lindor,30,121,SS,R,S,"5' 11""",190,Puerto Rico,12,1993-11-14,.254,31,98,.806,.336,.470,153,108,66,31,4,12,33,2,19.42,160,602,596019
Andre Lipcius,25,116,2B,R,R,"6' 0""",190,USA,27,1998-05-22,.286,1,4,.742,.342,.400,10,3,3,0,0,0,1,0,35.00,13,35,686531
Tim Locastro,31,121,LF,R,R,"6' 1""",200,USA,26,1992-07-14,.232,2,3,.731,.338,.393,13,13,3,6,0,6,3,0,28.00,43,56,641796
Nick Loftin,25,118,SS,R,R,"5' 11""",180,USA,12,1998-09-25,.323,0,10,.803,.368,.435,20,10,4,2,0,1,5,1,-.--,19,62,679845
Evan Longoria,38,109,3B,R,R,"6' 1""",213,USA,3,1985-10-07,.223,11,28,.717,.295,.422,47,25,23,0,0,0,9,0,19.18,74,211,446334
Irving Lopez,28,138,2B,R,L,"5' 7""",175,Mexico,55,1995-06-30,.000,0,1,.000,.000,.000,0,0,0,0,0,0,0,0,-.--,5,11,676761
Alejo Lopez,27,113,2B,R,S,"5' 8""",170,Mexico,35,1996-05-05,.500,0,1,1.500,.500,1.000,1,1,0,0,0,0,1,0,-.--,1,2,664670
Nicky Lopez,28,118,2B,R,L,"5' 11""",180,USA,8,1995-03-13,.231,1,25,.633,.326,.307,52,32,26,6,2,6,8,3,225.00,94,225,670032
Brandon Lowe,29,139,2B,R,L,"5' 10""",185,USA,8,1994-07-06,.231,21,68,.771,.328,.443,87,58,50,7,0,6,15,1,17.95,109,377,664040
Nathaniel Lowe,28,140,1B,R,L,"6' 4""",220,USA,30,1995-07-07,.262,17,82,.774,.360,.414,163,89,93,1,0,5,38,3,36.65,161,623,663993
Josh Lowe,25,139,RF,R,L,"6' 4""",205,USA,15,1998-02-02,.292,20,83,.835,.335,.500,136,71,31,32,3,1,33,2,23.30,135,466,666139
Marco Luciano,22,137,SS,R,R,"6' 1""",178,Dominican Republic,37,2001-09-10,.231,0,0,.641,.333,.308,9,4,6,1,0,0,3,0,-.--,14,39,682617
Nathan Lukes,29,141,RF,R,L,"5' 11""",180,USA,38,1994-07-12,.192,0,2,.598,.290,.308,5,4,4,0,0,0,1,1,-.--,29,26,664770
Jordan Luplow,30,142,LF,R,R,"5' 11""",195,USA,16,1993-09-26,.208,2,5,.647,.322,.325,16,11,12,2,0,1,3,0,38.50,39,77,656669
Manny Machado,31,135,3B,R,R,"6' 3""",218,USA,13,1992-07-06,.258,30,91,.781,.319,.462,140,75,50,3,2,2,21,0,18.10,138,543,592518
Nick Madrigal,26,112,3B,R,R,"5' 8""",175,USA,1,1997-03-05,.263,2,28,.663,.311,.352,71,34,10,10,2,9,16,1,135.00,92,270,663611
Bligh Madris,27,117,RF,R,L,"6' 0""",208,USA,26,1996-02-29,.154,0,0,.459,.267,.192,4,4,4,0,0,0,1,0,-.--,12,26,676632
Drew Maggi,34,134,3B,R,R,"6' 0""",192,USA,39,1989-05-16,.333,0,1,.833,.333,.500,2,1,0,0,0,0,1,0,-.--,3,6,543482
Luke Maile,32,113,C,R,R,"6' 3""",225,USA,22,1991-02-06,.235,6,25,.699,.308,.391,42,17,14,2,1,5,10,0,29.83,78,179,571912
Martin Maldonado,37,117,C,R,R,"6' 0""",230,Puerto Rico,15,1986-08-16,.191,15,36,.606,.258,.348,69,33,30,0,0,3,12,0,24.13,117,362,455117
Trey Mancini,31,112,1B,R,R,"6' 3""",230,USA,36,1992-03-18,.234,4,28,.635,.299,.336,55,31,21,0,0,2,12,0,58.75,79,235,641820
Tucupita Marcano,24,134,SS,R,L,"6' 0""",170,Venezuela,30,1999-09-16,.233,3,18,.632,.276,.356,47,16,10,5,2,3,12,2,67.33,75,202,672779
Manuel Margot,29,139,CF,R,R,"5' 11""",180,Dominican Republic,13,1994-09-28,.264,4,38,.686,.310,.376,82,39,18,9,3,4,21,1,77.75,99,311,622534
Jake Marisnick,32,119,CF,R,R,"6' 4""",220,USA,12,1991-03-30,.237,2,10,.688,.280,.408,18,10,3,2,3,2,3,2,38.00,46,76,545350
Cade Marlowe,26,136,LF,R,L,"6' 1""",210,USA,18,1997-06-24,.239,3,11,.750,.330,.420,21,14,12,4,2,0,3,2,29.33,34,88,687799
Brandon Marsh,26,143,CF,R,L,"6' 4""",215,USA,16,1997-12-18,.277,12,60,.830,.372,.458,112,58,59,10,2,4,25,6,33.67,133,404,669016
Ketel Marte,30,109,2B,R,S,"6' 1""",210,Dominican Republic,4,1993-10-12,.276,25,82,.843,.358,.485,157,94,71,8,2,5,26,9,22.76,150,569,606466
Noelvi Marte,22,113,SS,R,R,"6' 0""",216,Dominican Republic,16,2001-10-16,.316,3,15,.822,.366,.456,36,15,8,6,2,1,7,0,38.00,35,114,682622
Starling Marte,35,121,RF,R,R,"6' 1""",195,Dominican Republic,6,1988-10-09,.248,5,28,.625,.301,.324,78,38,16,24,4,8,7,1,63.00,86,315,516782
J.D. Martinez,36,119,DH,R,R,"6' 3""",230,USA,28,1987-08-21,.271,33,103,.893,.321,.572,117,61,34,1,0,2,27,2,13.09,113,432,502110
J.P. Martinez,27,140,LF,L,L,"5' 8""",174,Cuba,50,1996-03-21,.225,1,4,.575,.250,.325,9,7,2,0,0,0,1,0,40.00,17,40,679881
Nick Martini,33,113,RF,L,L,"5' 11""",205,USA,23,1990-06-27,.264,6,16,.912,.329,.583,19,10,5,0,0,2,3,1,12.00,29,72,605361
Michael Massey,25,118,2B,R,L,"6' 0""",195,USA,19,1998-03-22,.229,15,55,.655,.274,.381,98,42,24,6,2,4,18,1,28.53,129,428,686681
Miles Mastrobuoni,28,112,3B,R,L,"5' 10""",185,USA,20,1995-10-31,.241,1,5,.609,.308,.301,32,24,13,13,1,0,5,0,133.00,61,133,670156
Jorge Mateo,28,110,SS,R,R,"6' 1""",200,Dominican Republic,3,1995-06-23,.217,7,34,.607,.267,.340,69,58,22,32,5,1,14,2,45.43,116,318,622761
Mark Mathias,29,137,2B,R,R,"6' 0""",200,USA,46,1994-08-02,.226,0,6,.591,.333,.258,14,6,10,3,0,0,2,0,-.--,27,62,664029
Nick Maton,26,116,LF,R,L,"6' 2""",178,USA,9,1997-02-18,.173,8,32,.593,.288,.305,43,29,38,1,2,3,9,0,31.12,93,249,665155
Luis Matos,21,137,CF,R,R,"5' 11""",160,Venezuela,29,2002-01-28,.250,2,14,.661,.319,.342,57,24,20,3,0,3,13,1,114.00,76,228,682641
Ronny Mauricio,22,121,SS,R,S,"6' 3""",166,Dominican Republic,10,2001-04-04,.248,2,9,.643,.296,.347,25,11,7,7,0,0,4,0,50.50,26,101,677595
James McCann,33,110,C,R,R,"6' 3""",235,USA,27,1990-06-13,.222,6,26,.646,.269,.377,46,25,9,3,1,5,14,0,34.50,70,207,543510
Jake McCarthy,26,109,RF,L,L,"6' 2""",215,USA,31,1997-07-30,.243,2,16,.644,.318,.326,67,37,26,26,4,5,7,5,138.00,99,276,664983
Chas McCormick,28,117,CF,L,R,"6' 0""",208,USA,20,1995-04-19,.273,22,70,.842,.353,.489,110,59,40,19,6,11,17,2,18.32,115,403,676801
Mason McCoy,28,141,SS,R,R,"5' 11""",185,USA,10,1995-03-31,.000,0,0,.000,.000,.000,0,2,0,0,0,0,0,0,-.--,6,1,669200
Andrew McCutchen,37,134,DH,R,R,"5' 10""",190,USA,22,1986-10-10,.256,12,43,.775,.378,.397,100,55,75,11,3,4,19,0,32.50,112,390,457705
Reese McGuire,28,111,C,R,L,"6' 0""",233,USA,3,1995-03-02,.267,1,16,.668,.310,.358,50,15,11,2,1,1,12,1,187.00,72,187,624512
Ryan McKenna,26,110,CF,R,R,"5' 11""",195,USA,26,1997-02-14,.254,2,18,.677,.316,.361,31,23,9,5,0,3,7,0,61.00,89,122,663630
Billy McKinney,29,147,LF,L,L,"5' 11""",205,USA,57,1994-08-23,.227,6,14,.726,.320,.406,29,19,17,1,0,1,3,1,21.33,48,128,641856
Zach McKinstry,28,116,RF,R,L,"6' 0""",180,USA,39,1995-04-29,.231,9,35,.653,.302,.351,107,60,44,16,6,5,21,4,51.56,148,464,656716
Matt McLain,24,113,SS,R,R,"5' 8""",180,USA,9,1999-08-06,.290,16,50,.864,.357,.507,106,65,31,14,5,7,23,4,22.81,89,365,680574
Ryan McMahon,29,115,3B,R,L,"6' 2""",219,USA,24,1994-12-14,.240,23,70,.753,.322,.431,133,80,68,5,5,1,31,3,24.13,152,555,641857
Jeff McNeil,31,121,2B,R,L,"6' 1""",195,USA,1,1992-04-08,.270,10,55,.711,.333,.378,158,75,39,10,0,18,25,4,58.50,156,585,643446
Curtis Mead,23,139,2B,R,R,"6' 0""",171,Australia,25,2000-10-26,.253,1,5,.675,.326,.349,21,12,7,0,0,2,3,1,83.00,24,83,678554
Austin Meadows,28,116,LF,L,L,"6' 3""",225,USA,17,1995-05-03,.238,0,2,.524,.238,.286,5,0,0,0,0,0,1,0,-.--,6,21,640457
Parker Meadows,24,116,CF,R,L,"6' 5""",205,USA,22,1999-11-02,.232,3,13,.699,.331,.368,29,19,17,8,1,2,4,2,41.67,37,125,678009
Wade Meckler,23,137,OF,R,L,"5' 10""",178,USA,53,2000-04-21,.232,0,4,.578,.328,.250,13,6,6,0,0,2,1,0,-.--,20,56,685133
Francisco Mejia,28,139,C,R,S,"5' 8""",188,Dominican Republic,21,1995-10-27,.227,5,19,.658,.258,.400,34,22,6,0,1,1,11,0,30.00,50,150,642336
MJ Melendez,25,118,RF,R,L,"6' 1""",190,USA,1,1998-11-29,.235,16,56,.714,.316,.398,125,65,62,6,4,3,29,5,33.31,148,533,669004
Danny Mendick,30,121,SS,R,R,"5' 10""",195,USA,15,1993-09-28,.185,1,4,.509,.232,.277,12,4,4,1,0,0,3,0,65.00,35,65,664901
Joey Meneses,31,120,DH,R,R,"6' 3""",240,MEX,45,1992-05-06,.275,13,89,.722,.321,.401,168,71,38,0,0,5,36,1,47.00,154,611,608841
Oscar Mercado,29,138,CF,R,R,"6' 2""",197,Colombia,54,1994-12-16,.290,0,5,.700,.313,.387,9,3,1,2,1,0,3,0,-.--,20,31,640458
Whit Merrifield,34,141,2B,R,R,"6' 1""",195,USA,15,1989-01-24,.272,11,67,.700,.318,.382,149,66,36,26,10,3,27,0,49.73,145,547,593160
Matt Mervis,25,112,1B,R,L,"6' 2""",225,USA,22,1998-04-16,.167,3,11,.531,.242,.289,15,8,8,0,0,1,2,0,30.00,27,90,670223
Jake Meyers,27,117,CF,L,R,"6' 0""",200,USA,6,1996-06-18,.227,10,33,.678,.296,.382,70,42,26,5,2,5,16,1,30.90,112,309,676694
Drew Millas,25,120,C,R,S,"6' 0""",198,USA,81,1998-01-15,.286,1,6,.839,.375,.464,8,1,4,0,0,0,2,0,28.00,11,28,686452
Brad Miller,34,140,DH,R,L,"6' 2""",195,USA,13,1989-10-18,.214,1,6,.667,.328,.339,12,8,10,0,0,0,4,0,56.00,27,56,543543
Owen Miller,27,158,2B,R,R,"5' 11""",195,USA,6,1996-11-15,.261,5,27,.674,.303,.371,76,29,17,13,2,2,17,0,58.20,90,291,680911
Jose Miranda,25,142,3B,R,R,"6' 2""",210,Puerto Rico,64,1998-06-29,.211,3,13,.566,.263,.303,30,12,9,0,0,1,4,0,47.33,40,142,669304
Cal Mitchell,24,134,LF,L,L,"6' 0""",220,USA,31,1999-03-08,.000,0,0,.200,.200,.000,0,0,1,0,0,0,0,0,-.--,2,4,668751
Garrett Mitchell,25,158,CF,R,L,"6' 3""",224,USA,5,1998-09-04,.246,3,7,.761,.315,.446,16,10,7,1,1,0,2,1,21.67,19,65,669003
Andruw Monasterio,26,158,2B,R,R,"5' 11""",186,Venezuela,14,1997-05-30,.259,3,27,.678,.330,.348,73,38,28,7,2,3,14,1,94.00,92,282,655316
Yoan Moncada,28,145,3B,R,S,"6' 2""",225,Cuba,10,1995-05-27,.260,11,40,.730,.305,.425,87,39,20,1,0,2,20,1,30.36,92,334,660162
Mickey Moniak,25,108,RF,R,L,"6' 2""",195,USA,16,1998-05-13,.280,14,45,.802,.307,.495,87,35,9,6,3,3,21,2,22.21,85,311,666160
Elehuris Montero,25,115,3B,R,R,"6' 3""",235,Dominican Republic,44,1998-08-17,.243,11,39,.716,.290,.426,69,40,15,0,0,5,15,2,25.82,85,284,660707
Coco Montes,27,115,2B,R,R,"6' 1""",200,USA,3,1996-10-07,.184,1,3,.560,.244,.316,7,3,2,0,0,1,2,0,38.00,18,38,663796
Dylan Moore,31,136,LF,R,R,"6' 0""",205,USA,25,1992-08-02,.207,7,19,.731,.303,.428,30,18,16,7,3,4,9,1,20.71,67,145,664238
Christopher Morel,24,112,2B,R,R,"5' 11""",145,Dominican Republic,5,1999-06-24,.247,26,70,.821,.313,.508,96,62,36,6,2,2,17,3,14.92,107,388,666624
Gabriel Moreno,23,109,C,R,R,"5' 11""",195,Venezuela,14,2000-02-14,.284,7,50,.747,.339,.408,97,33,29,6,2,3,19,1,48.71,111,341,672515
Taylor Motter,34,138,2B,R,R,"6' 1""",195,USA,55,1989-09-18,.171,0,2,.443,.232,.211,13,3,5,0,0,1,3,0,-.--,29,76,600301
Ryan Mountcastle,26,110,1B,R,R,"6' 4""",220,USA,6,1997-02-18,.270,18,68,.780,.328,.452,114,64,37,3,1,3,21,1,23.50,115,423,663624
Mike Moustakas,35,115,1B,R,L,"6' 0""",225,USA,11,1988-09-11,.247,12,48,.685,.293,.392,87,43,23,0,0,3,15,0,29.33,112,352,519058
Cedric Mullins,29,110,CF,L,L,"5' 9""",175,USA,31,1994-10-01,.233,15,74,.721,.305,.416,94,51,43,19,3,1,23,3,26.93,116,404,656775
Max Muncy,33,119,3B,R,L,"6' 0""",215,USA,13,1990-08-25,.212,36,105,.808,.333,.475,102,95,85,1,2,6,17,1,13.39,135,482,571970
Sean Murphy,29,144,C,R,R,"6' 3""",228,USA,12,1994-10-04,.251,21,68,.843,.365,.478,93,65,49,0,0,18,21,0,17.62,108,370,669221
Tom Murphy,32,136,C,R,R,"6' 1""",206,USA,2,1991-04-03,.290,8,17,.873,.335,.538,42,19,10,0,0,1,12,0,18.12,47,145,608596
Dane Myers,27,146,CF,R,R,"6' 0""",205,USA,54,1996-03-08,.269,1,9,.644,.286,.358,18,9,2,1,1,0,3,0,67.00,22,67,667472
Wil Myers,33,113,RF,R,R,"6' 3""",207,USA,4,1990-12-10,.189,3,12,.540,.257,.283,24,11,12,2,1,0,3,0,42.33,37,127,571976
Tyler Naquin,32,145,LF,R,L,"6' 1""",202,USA,46,1991-04-24,.000,0,0,.000,.000,.000,0,0,0,0,0,0,0,0,-.--,5,8,571980
Omar Narvaez,31,121,C,R,L,"5' 11""",220,Venezuela,2,1992-02-10,.211,2,7,.580,.283,.297,27,12,14,0,0,0,5,0,64.00,49,128,553882
Josh Naylor,26,114,1B,L,L,"5' 11""",250,Canada,22,1997-06-22,.308,17,97,.843,.354,.489,139,52,33,10,3,3,31,0,26.59,121,452,647304
Bo Naylor,23,114,C,R,L,"6' 0""",205,Canada,23,2000-02-21,.237,11,32,.809,.339,.470,47,33,30,5,0,1,13,0,18.00,67,198,666310
Zach Neto,22,108,SS,R,R,"6' 0""",185,USA,9,2001-01-31,.225,9,34,.685,.308,.377,65,38,20,5,1,16,17,0,32.11,84,289,687263
Tyler Nevin,26,116,3B,R,R,"6' 4""",225,USA,18,1997-05-29,.200,2,10,.622,.306,.316,19,11,12,0,1,3,3,1,47.50,41,95,663527
Kevin Newman,30,113,SS,R,R,"6' 1""",195,USA,28,1993-08-04,.253,3,28,.675,.311,.364,57,28,17,8,1,4,16,0,75.00,74,225,621028
Tomas Nido,29,121,C,R,R,"6' 0""",211,Puerto Rico,3,1994-04-12,.125,0,1,.278,.153,.125,7,5,2,0,0,0,0,0,-.--,22,56,621512
Brandon Nimmo,30,121,CF,R,L,"6' 3""",206,USA,9,1993-03-27,.274,24,68,.829,.363,.466,162,89,74,3,3,11,30,6,24.67,152,592,607043
Ryan Noda,27,133,1B,L,L,"6' 3""",217,USA,49,1996-03-30,.229,16,54,.770,.364,.406,93,63,77,3,1,10,22,1,25.38,128,406,676116
Austin Nola,34,135,C,R,R,"6' 0""",197,USA,26,1989-12-28,.146,1,8,.452,.260,.192,19,9,18,0,0,2,3,0,130.00,52,130,543592
Lars Nootbaar,26,138,CF,R,L,"6' 3""",210,USA,21,1997-09-08,.261,14,46,.785,.367,.418,111,74,72,11,1,1,23,1,30.43,117,426,663457
Ryan O'Hearn,30,110,1B,L,L,"6' 3""",220,USA,32,1993-07-26,.289,14,60,.802,.322,.480,100,48,15,5,1,3,22,1,24.71,112,346,656811
Logan O'Hoppe,23,108,C,R,R,"6' 2""",185,USA,14,2000-02-09,.236,14,29,.796,.296,.500,43,23,14,0,1,2,6,0,13.00,51,182,681351
Brian O'Keefe,30,136,C,R,R,"6' 1""",210,USA,64,1993-07-15,.105,0,2,.401,.190,.211,2,0,2,0,0,0,2,0,-.--,8,19,657247
Tyler O'Neill,28,138,LF,R,R,"5' 11""",200,Canada,27,1995-06-22,.231,9,21,.715,.312,.403,55,27,28,5,0,0,14,0,26.44,72,238,641933
Rougned Odor,29,135,2B,R,L,"5' 11""",200,Venezuela,24,1994-02-03,.203,4,18,.654,.299,.355,28,21,17,2,1,2,9,0,34.50,59,138,596059
Shohei Ohtani,29,108,TWP,R,L,"6' 4""",210,Japan,17,1994-07-05,.304,44,95,1.066,.412,.654,151,102,91,20,6,3,26,8,11.30,135,497,660271
Chris Okey,29,108,C,R,R,"5' 11""",200,USA,39,1994-12-29,.000,0,0,.000,.000,.000,0,0,0,0,0,0,0,0,-.--,2,2,608360
Edward Olivares,27,118,LF,R,R,"6' 2""",190,Venezuela,14,1996-03-06,.263,12,36,.769,.317,.452,93,47,22,11,5,7,23,4,29.50,107,354,658668
Matt Olson,29,144,1B,R,L,"6' 5""",225,USA,28,1994-03-29,.283,54,139,.993,.389,.604,172,127,104,1,0,4,27,3,11.26,162,608,621566
Jonathan Ornelas,23,140,3B,R,R,"6' 0""",196,USA,36,2000-05-26,.143,0,0,.393,.250,.143,1,2,0,0,0,1,0,0,-.--,8,7,680716
Rafael Ortega,32,121,CF,R,L,"5' 11""",180,Venezuela,30,1991-05-15,.219,1,8,.613,.341,.272,25,16,20,6,1,1,3,0,114.00,47,114,542364
Joey Ortiz,25,110,2B,R,R,"5' 9""",190,USA,65,1998-07-14,.212,0,4,.448,.206,.242,7,4,0,0,0,0,1,0,-.--,15,33,687401
James Outman,26,119,CF,R,L,"6' 3""",215,USA,33,1997-05-14,.248,23,70,.790,.353,.437,120,86,68,16,3,12,16,3,21.00,151,483,681546
Chris Owings,32,134,SS,R,R,"5' 10""",185,USA,38,1991-08-12,.160,0,0,.320,.160,.160,4,0,0,0,0,0,0,0,-.--,11,25,572008
Marcell Ozuna,33,144,DH,R,R,"6' 1""",225,Dominican Republic,20,1990-11-12,.274,40,100,.904,.346,.558,145,84,57,0,0,3,29,1,13.25,144,530,542303
Cristian Pache,25,143,LF,R,R,"6' 2""",215,Dominican Republic,19,1998-11-19,.238,2,11,.736,.319,.417,20,12,10,2,3,0,7,1,42.00,48,84,665506
Kevin Padlo,27,108,3B,R,R,"5' 11""",210,USA,37,1996-07-15,.125,0,0,.375,.125,.250,1,1,0,0,0,0,1,0,-.--,3,8,656821
Joshua Palacios,28,134,RF,R,L,"6' 1""",200,USA,54,1995-07-30,.239,10,40,.692,.279,.413,59,26,12,5,0,2,9,2,24.70,91,247,641943
Richie Palacios,26,138,OF,R,L,"5' 10""",180,USA,67,1997-05-16,.258,6,16,.823,.307,.516,24,9,6,2,0,1,6,0,15.50,32,93,680700
Isaac Paredes,24,139,3B,R,R,"5' 11""",213,Mexico,17,1999-02-18,.250,31,98,.840,.352,.488,123,71,58,1,0,20,24,0,15.87,143,492,670623
Kyren Paris,22,108,2B,R,R,"6' 0""",180,USA,19,2001-11-11,.100,0,1,.300,.200,.100,4,4,4,3,0,1,0,0,-.--,15,40,677347
Vinnie Pasquantino,26,118,1B,L,L,"6' 4""",245,USA,9,1997-10-10,.247,9,26,.761,.324,.437,57,24,25,0,0,2,17,0,25.67,61,231,686469
Joc Pederson,31,137,DH,L,L,"6' 1""",220,USA,23,1992-04-21,.235,15,51,.764,.348,.416,84,59,57,0,0,7,14,3,23.87,121,358,592626
Liover Peguero,23,134,SS,R,R,"6' 0""",220,Dominican Republic,60,2000-12-31,.237,7,26,.654,.280,.374,47,21,11,6,2,1,4,1,28.29,59,198,678894
Jeremy Pena,26,117,SS,R,R,"6' 0""",202,Dominican Republic,3,1997-09-22,.263,10,52,.705,.324,.381,152,81,43,13,9,9,32,3,57.70,150,577,665161
David Peralta,36,119,LF,L,L,"6' 1""",210,Venezuela,6,1987-08-14,.259,7,55,.675,.294,.381,102,47,20,4,1,2,25,1,56.29,133,394,444482
Oswald Peraza,23,147,3B,R,R,"6' 0""",200,Venezuela,91,2000-06-15,.191,2,14,.539,.267,.272,33,15,13,4,3,5,8,0,86.50,52,173,672724
Geraldo Perdomo,24,109,SS,R,S,"6' 2""",203,Dominican Republic,2,1999-10-22,.246,6,47,.712,.353,.359,100,71,64,16,4,6,20,4,67.83,144,407,672695
Everson Pereira,22,147,CF,R,R,"5' 11""",191,Venezuela,80,2001-04-10,.151,0,10,.427,.233,.194,14,6,8,4,0,2,4,0,-.--,27,93,677592
Carlos Perez,33,133,C,R,R,"5' 10""",210,Venezuela,44,1990-10-27,.226,6,20,.650,.293,.357,38,17,13,0,0,4,4,0,28.00,68,168,542208
Carlos Perez,27,145,C,R,R,"5' 11""",205,Venezuela,36,1996-09-10,.204,1,3,.611,.264,.347,10,5,4,0,0,0,4,0,49.00,27,49,656024
Michael Perez,31,121,C,R,L,"5' 10""",195,Puerto Rico,61,1992-08-07,.500,0,0,1.125,.500,.625,4,1,0,0,0,0,1,0,-.--,3,8,605421
Roberto Perez,35,137,C,R,R,"5' 11""",220,Puerto Rico,1,1988-12-23,.133,0,1,.368,.235,.133,2,0,2,0,0,0,0,0,-.--,5,15,547379
Salvador Perez,33,118,C,R,R,"6' 3""",255,Venezuela,13,1990-05-10,.255,23,80,.714,.292,.422,137,59,19,0,0,13,21,0,23.39,140,538,521692
Blake Perkins,27,158,RF,R,S,"5' 11""",197,USA,16,1996-09-10,.217,4,20,.675,.325,.350,31,28,23,5,2,0,7,0,35.75,67,143,663368
Jace Peterson,33,109,3B,R,L,"6' 0""",215,USA,6,1990-05-09,.211,6,37,.611,.304,.307,79,35,47,15,2,4,10,4,62.33,134,374,607054
Tommy Pham,35,121,LF,R,R,"6' 1""",223,USA,28,1988-03-08,.256,16,68,.774,.328,.446,109,55,47,22,3,2,27,3,26.62,129,426,502054
Brett Phillips,29,108,CF,R,L,"6' 0""",195,USA,4,1994-05-30,.175,3,6,.601,.268,.333,11,9,8,3,1,0,1,0,21.00,40,63,621433
Kevin Pillar,34,144,LF,R,R,"6' 0""",200,USA,17,1989-01-04,.228,9,32,.664,.248,.416,45,29,6,4,1,0,10,0,21.89,81,197,607680
Manny Pina,36,133,C,R,R,"6' 0""",222,Venezuela,28,1987-06-05,.250,1,1,.750,.250,.500,3,1,0,0,0,0,0,0,12.00,4,12,444489
Rene Pinto,27,139,C,R,R,"5' 10""",195,Venezuela,50,1996-11-02,.252,6,16,.723,.267,.456,26,10,2,0,0,0,3,0,17.17,39,103,650907
Jorge Polanco,30,142,2B,R,S,"5' 11""",208,Dominican Republic,11,1993-07-05,.255,14,48,.789,.335,.454,77,38,36,4,0,2,18,0,21.57,80,302,593871
AJ Pollock,36,137,OF,R,R,"6' 1""",210,USA,16,1987-12-05,.165,5,15,.523,.215,.308,22,15,9,0,1,0,4,0,26.60,54,133,572041
Logan Porter,28,118,C,R,R,"6' 0""",200,USA,88,1995-07-12,.194,1,3,.647,.324,.323,6,4,5,0,0,1,1,0,31.00,11,31,682515
Nick Pratto,25,118,1B,L,L,"6' 1""",225,USA,32,1998-10-06,.232,7,35,.660,.307,.353,71,33,29,1,1,6,16,0,43.71,95,306,668472
Jurickson Profar,30,115,LF,R,S,"6' 0""",184,Curacao,29,1993-02-20,.242,9,46,.689,.321,.368,111,55,50,1,0,6,27,2,51.00,125,459,595777
Juniel Querecuto,31,138,3B,R,S,"5' 9""",195,Venezuela,62,1992-09-19,.100,0,0,.293,.143,.150,2,2,1,0,0,0,1,0,-.--,9,20,578570
Ceddanne Rafaela,23,111,OF,R,R,"5' 9""",165,Curacao,43,2000-09-18,.241,2,5,.667,.281,.386,20,11,4,3,1,1,6,0,41.50,28,83,678882
Cal Raleigh,27,136,C,R,S,"6' 3""",235,USA,29,1996-11-26,.232,30,75,.762,.306,.456,119,78,54,0,0,1,23,1,17.10,145,513,663728
Luke Raley,29,139,1B,R,L,"6' 4""",235,USA,55,1994-09-19,.249,19,49,.823,.333,.490,89,56,28,14,3,18,23,3,18.79,118,357,670042
Harold Ramirez,29,139,DH,R,R,"5' 10""",232,Colombia,43,1994-09-06,.313,12,68,.813,.353,.460,125,58,22,5,3,6,19,2,33.33,122,400,623912
Jose Ramirez,31,114,3B,R,S,"5' 9""",190,Dominican Republic,11,1992-09-17,.282,24,80,.831,.356,.475,172,87,73,28,6,1,36,5,25.46,156,611,608070
Heliot Ramos,24,137,LF,R,R,"6' 1""",188,Puerto Rico,12,1999-09-07,.179,1,2,.537,.233,.304,10,5,4,0,0,0,4,0,56.00,25,56,671218
Henry Ramos,31,113,RF,R,S,"6' 0""",215,Puerto Rico,31,1992-04-15,.243,0,5,.660,.349,.311,18,9,11,2,1,1,3,1,-.--,23,74,592656
J.T. Realmuto,32,143,C,R,R,"6' 1""",212,USA,10,1991-03-18,.252,20,63,.762,.310,.452,123,70,35,16,5,9,28,5,24.45,135,489,592663
Rob Refsnyder,32,111,LF,R,R,"6' 0""",203,Republic of Korea,30,1991-03-26,.248,1,28,.682,.365,.317,50,31,33,7,2,5,9,1,202.00,89,202,608701
Zach Remillard,29,145,2B,R,R,"6' 0""",185,USA,28,1994-02-21,.252,1,18,.615,.295,.320,37,16,8,4,3,1,7,0,147.00,54,147,621545
Anthony Rendon,33,108,3B,R,R,"6' 1""",200,USA,6,1990-06-06,.236,2,22,.679,.361,.318,35,23,25,2,0,6,6,0,74.00,43,148,543685
Hunter Renfroe,31,113,RF,R,R,"6' 1""",230,USA,32,1992-01-28,.233,20,60,.713,.297,.416,116,60,44,0,0,3,31,0,24.90,140,498,592669
Luis Rengifo,26,108,2B,R,S,"5' 10""",195,Venezuela,2,1997-02-26,.264,16,51,.783,.339,.444,104,55,41,6,4,6,15,4,24.62,126,394,650859
Franmil Reyes,28,118,LF,R,R,"6' 5""",265,Dominican Republic,99,1995-07-07,.186,2,7,.519,.231,.288,11,5,4,0,0,0,0,0,29.50,19,59,614177
Pablo Reyes,30,111,SS,R,R,"5' 8""",175,Dominican Republic,19,1993-09-05,.287,2,20,.716,.339,.377,48,27,14,7,2,0,9,0,83.50,64,167,622569
Bryan Reynolds,28,134,LF,R,S,"6' 2""",205,USA,10,1995-01-27,.263,24,84,.790,.330,.460,151,85,53,12,1,7,31,5,23.92,145,574,668804
Matt Reynolds,33,113,2B,R,R,"6' 1""",210,USA,3,1990-12-03,.200,0,0,.400,.200,.200,1,1,0,0,0,0,0,0,-.--,2,5,608703
Austin Riley,26,144,3B,R,R,"6' 3""",240,USA,27,1997-04-02,.281,37,97,.861,.345,.516,179,117,59,3,1,9,32,3,17.19,159,636,663586
Edwin Rios,29,112,3B,R,L,"6' 3""",220,Puerto Rico,30,1994-04-21,.071,1,2,.449,.235,.214,2,3,5,0,0,1,1,0,28.00,18,28,621458
Alfonso Rivas,27,135,1B,L,L,"5' 10""",190,USA,30,1996-09-13,.229,3,15,.725,.303,.422,25,8,9,1,0,3,10,1,36.33,48,109,663845
Emmanuel Rivera,27,109,3B,R,R,"6' 2""",225,Puerto Rico,15,1996-06-29,.261,4,29,.672,.314,.358,67,32,22,1,0,0,13,0,64.25,86,257,656896
Anthony Rizzo,34,147,1B,L,L,"6' 3""",240,USA,48,1989-08-08,.244,12,41,.706,.328,.378,91,45,35,0,3,12,14,0,31.08,99,373,519203
Luis Robert Jr.,26,145,CF,R,R,"6' 2""",220,Cuba,88,1997-08-03,.264,38,80,.857,.315,.542,144,90,30,20,4,12,36,1,14.37,145,546,673357
Victor Robles,26,120,CF,R,R,"6' 0""",194,Dominican Republic,16,1997-05-19,.299,0,8,.749,.385,.364,32,15,11,8,1,4,5,1,-.--,36,107,645302
Brayan Rocchio,22,114,SS,R,S,"5' 10""",170,Venezuela,6,2001-01-13,.247,0,8,.600,.279,.321,20,9,4,0,0,0,6,0,-.--,23,81,677587
Brendan Rodgers,27,115,2B,R,R,"6' 0""",204,USA,7,1996-08-09,.258,4,20,.701,.313,.388,46,21,11,0,0,3,9,1,44.50,46,178,663898
Endy Rodriguez,23,134,C,R,S,"6' 0""",200,Dominican Republic,25,2000-05-26,.220,3,13,.612,.284,.328,41,27,17,0,0,0,7,2,62.00,57,186,682848
Jose Rodriguez,22,145,SS,R,R,"5' 11""",175,Dominican Republic,55,2001-05-13,.000,0,0,.000,.000,.000,0,1,0,0,0,0,0,0,-.--,1,0,679563
Julio Rodriguez,23,136,CF,R,R,"6' 3""",228,Dominican Republic,44,2000-12-29,.275,32,103,.818,.333,.485,180,102,47,37,10,11,37,2,20.44,155,654,677594
Jake Rogers,28,116,C,R,R,"6' 1""",201,USA,34,1995-04-18,.221,21,49,.730,.286,.444,73,47,28,1,1,3,11,0,15.76,107,331,668670
Johan Rojas,23,143,CF,R,R,"5' 11""",165,Dominican Republic,18,2000-08-14,.302,2,23,.772,.342,.430,45,24,5,14,1,4,9,2,74.50,59,149,679032
Josh Rojas,29,109,3B,R,L,"6' 1""",207,USA,10,1994-06-30,.245,4,40,.641,.303,.338,77,47,27,12,0,1,17,0,78.50,105,314,668942
Miguel Rojas,34,119,SS,R,R,"6' 0""",188,Venezuela,11,1989-02-24,.236,5,31,.612,.290,.322,91,49,26,8,3,5,16,1,77.00,125,385,500743
Brent Rooker,29,133,LF,R,R,"6' 4""",225,USA,25,1994-11-01,.246,30,69,.817,.329,.488,114,61,49,4,0,10,20,1,15.43,137,463,667670
Ben Rortvedt,26,147,C,R,L,"5' 9""",191,USA,38,1997-09-25,.118,2,4,.462,.241,.221,8,6,11,0,0,0,1,0,34.00,32,68,666163
Eddie Rosario,32,144,LF,R,L,"6' 1""",180,Puerto Rico,8,1991-09-28,.255,21,74,.755,.305,.450,122,64,34,3,4,1,24,3,22.76,142,478,592696
Eguy Rosario,24,135,3B,R,R,"5' 7""",150,Dominican Republic,5,1999-08-25,.250,2,6,.770,.270,.500,9,6,1,0,0,0,1,1,18.00,11,36,666703
Amed Rosario,28,119,SS,R,R,"6' 2""",190,Dominican Republic,31,1995-11-20,.263,6,58,.683,.305,.378,134,70,29,15,2,3,25,8,85.00,142,510,642708
Darin Ruf,37,158,DH,R,R,"6' 2""",232,USA,25,1986-07-28,.224,0,3,.619,.333,.286,11,3,8,0,0,0,3,0,-.--,20,49,573131
Esteury Ruiz,24,133,CF,R,R,"6' 0""",169,Dominican Republic,1,1999-02-15,.254,5,47,.654,.309,.345,114,47,20,67,13,16,24,1,89.80,132,449,665923
Keibert Ruiz,25,120,C,R,S,"6' 0""",227,Venezuela,20,1998-07-20,.260,18,67,.717,.308,.409,136,55,31,1,1,6,24,0,29.06,136,523,660688
Blake Rutherford,26,120,LF,R,L,"6' 1""",205,USA,29,1997-05-02,.171,0,2,.365,.194,.171,6,4,1,0,0,0,0,0,-.--,16,35,666164
Adley Rutschman,25,110,C,R,S,"6' 2""",230,USA,35,1998-02-06,.277,20,80,.809,.374,.435,163,84,92,1,2,2,31,1,29.40,154,588,668939
Blake Sabol,25,137,C,R,L,"6' 4""",225,USA,2,1998-01-07,.235,13,44,.695,.301,.394,73,36,24,4,2,6,10,0,23.85,110,310,666165
Cesar Salazar,27,117,C,R,L,"5' 9""",185,Mexico,18,1996-03-15,.111,0,0,.269,.158,.111,2,1,1,0,0,0,0,0,-.--,13,18,663967
Gary Sanchez,31,121,C,R,R,"6' 2""",230,Dominican Republic,33,1992-12-02,.217,19,47,.780,.288,.492,52,33,21,0,0,4,9,0,12.63,75,240,596142
Jesus Sanchez,26,146,RF,R,L,"6' 3""",222,Dominican Republic,7,1997-10-07,.253,14,52,.777,.327,.450,91,43,38,3,1,2,23,3,25.71,125,360,660821
Carlos Santana,37,158,1B,R,S,"5' 11""",210,Dominican Republic,41,1986-04-08,.240,23,86,.747,.318,.429,132,78,65,6,0,0,33,1,23.91,146,550,467793
Anthony Santander,29,110,RF,R,S,"6' 2""",230,Venezuela,25,1994-10-19,.257,28,95,.797,.325,.472,152,81,55,5,1,6,41,1,21.11,153,591,623993
Nolan Schanuel,21,108,1B,R,L,"6' 4""",220,USA,18,2002-02-14,.275,1,6,.732,.402,.330,30,19,20,0,0,3,3,0,109.00,29,109,694384
Casey Schmitt,24,137,SS,R,R,"6' 2""",215,USA,6,1999-03-01,.206,5,30,.579,.255,.324,52,28,13,2,1,5,15,0,50.60,90,253,669477
Davis Schneider,24,141,2B,R,R,"5' 9""",190,USA,36,1999-01-26,.276,8,20,1.007,.404,.603,32,23,21,1,0,4,12,1,14.50,35,116,676914
Jonathan Schoop,32,116,2B,R,R,"6' 1""",247,Curacao,7,1991-10-16,.213,0,7,.550,.278,.272,29,15,13,0,0,0,8,0,-.--,55,136,570731
Kyle Schwarber,30,143,LF,R,L,"6' 0""",229,USA,12,1993-03-05,.197,47,104,.817,.343,.474,115,108,126,0,2,6,19,1,12.45,160,585,656941
Corey Seager,29,140,SS,R,L,"6' 4""",215,USA,5,1994-04-27,.327,33,96,1.013,.390,.623,156,88,49,2,1,4,42,0,14.46,119,477,608369
Chandler Seagle,27,135,C,R,R,"5' 10""",190,USA,45,1996-05-23,.000,0,0,.000,.000,.000,0,0,0,0,0,0,0,0,-.--,1,1,676882
Jean Segura,33,146,3B,R,R,"5' 10""",220,Dominican Republic,9,1990-03-17,.219,3,21,.556,.277,.279,66,25,22,6,2,2,5,2,100.33,85,301,516416
Marcus Semien,33,140,2B,R,R,"6' 0""",195,USA,2,1990-09-17,.276,29,100,.826,.348,.478,185,122,72,14,3,5,40,4,23.10,162,670,543760
Nick Senzel,28,113,3B,R,R,"6' 1""",218,USA,15,1995-06-29,.236,13,42,.696,.297,.399,71,49,26,6,2,1,10,0,23.15,104,301,669222
Brian Serven,28,115,C,R,R,"6' 0""",207,USA,6,1995-05-05,.130,0,1,.304,.130,.174,3,0,0,0,0,0,1,0,-.--,11,23,661531
Gavin Sheets,27,145,RF,L,L,"6' 5""",230,USA,32,1996-04-23,.203,10,43,.598,.267,.331,63,24,28,1,0,1,10,0,31.10,118,311,657757
Braden Shewmake,26,144,SS,R,L,"6' 3""",190,USA,24,1997-11-19,.000,0,0,.000,.000,.000,0,0,0,0,0,0,0,0,-.--,2,4,669699
Zack Short,28,116,2B,R,R,"5' 10""",180,USA,59,1995-05-29,.204,7,33,.631,.292,.339,45,17,28,5,0,0,9,0,31.57,112,221,670097
Michael Siani,24,113,CF,L,L,"6' 1""",188,USA,38,1999-07-16,.000,0,0,.167,.167,.000,0,1,1,1,1,0,0,0,-.--,8,5,672279
Jon Singleton,32,117,1B,L,L,"6' 0""",256,USA,28,1991-09-18,.165,2,12,.531,.267,.264,15,11,13,0,0,0,3,0,45.50,36,91,572138
Jose Siri,28,139,CF,R,R,"6' 2""",175,Dominican Republic,22,1995-07-22,.222,25,56,.761,.267,.494,75,58,20,12,3,2,13,2,13.52,101,338,642350
Austin Slater,31,137,LF,R,R,"6' 1""",204,USA,13,1992-12-13,.270,5,20,.748,.348,.400,50,24,20,2,2,2,9,0,37.00,89,185,596103
Dominic Smith,28,120,1B,L,L,"6' 0""",224,USA,22,1995-06-15,.254,12,46,.692,.326,.366,134,57,47,1,1,10,21,1,43.92,153,527,642086
Josh H. Smith,26,140,SS,R,L,"5' 10""",172,USA,47,1997-08-07,.185,6,15,.632,.304,.328,36,29,25,1,0,9,8,1,32.50,90,195,669701
Kevin Smith,27,133,SS,R,R,"6' 0""",190,USA,4,1996-07-04,.185,5,11,.546,.220,.326,25,15,5,1,0,1,4,0,27.00,49,135,675656
Pavin Smith,27,109,OF,L,L,"6' 2""",208,USA,26,1996-02-06,.188,7,30,.642,.317,.325,36,26,35,1,1,1,5,0,27.29,69,191,656976
Will Smith,28,119,C,R,R,"5' 10""",195,USA,16,1995-03-28,.261,19,76,.797,.359,.438,121,80,63,3,0,15,21,2,24.42,126,464,669257
Canaan Smith-Njigba,24,134,RF,R,L,"6' 0""",230,USA,28,1999-04-30,.125,0,5,.435,.216,.219,4,3,4,1,0,0,1,1,-.--,15,32,675986
Tyler Soderstrom,22,133,C,R,L,"6' 1""",200,USA,37,2001-11-24,.160,3,7,.472,.232,.240,20,9,11,0,0,1,1,0,41.67,45,125,691016
Nick Solak,28,116,LF,R,R,"5' 9""",185,USA,46,1995-01-11,.000,0,0,.000,.000,.000,0,1,0,0,0,0,0,0,-.--,2,0,669256
Donovan Solano,36,142,1B,R,R,"5' 8""",210,Colombia,39,1987-12-17,.282,5,38,.760,.369,.391,111,43,40,0,0,15,26,1,78.80,134,394,456781
Jorge Soler,31,146,OF,R,R,"6' 4""",235,Cuba,12,1992-02-25,.250,36,75,.853,.341,.512,126,77,66,1,0,6,24,0,14.00,137,504,624585
Edmundo Sosa,27,143,3B,R,R,"6' 0""",210,Panama,33,1996-03-06,.251,10,30,.720,.293,.427,70,34,8,4,2,9,15,2,27.90,104,279,624641
Lenyn Sosa,23,145,2B,R,R,"6' 0""",180,Venezuela,50,2000-01-25,.201,6,14,.572,.224,.348,33,12,5,0,1,0,6,0,27.33,52,164,672820
Juan Soto,25,135,LF,L,L,"6' 2""",224,Dominican Republic,22,1998-10-25,.275,35,109,.929,.410,.519,156,97,132,12,5,2,32,1,16.23,162,568,665742
Livan Soto,23,108,2B,R,L,"5' 10""",160,Venezuela,9,2000-06-22,.222,0,0,.639,.417,.222,2,2,3,0,0,0,0,0,-.--,4,9,670869
George Springer,34,141,RF,R,R,"6' 3""",220,USA,4,1989-09-19,.258,21,72,.732,.327,.405,158,87,60,20,5,5,25,1,29.19,154,613,543807
Jacob Stallings,34,146,C,R,R,"6' 5""",225,USA,58,1989-12-22,.191,3,20,.564,.278,.286,46,22,27,0,0,3,14,0,80.33,89,241,607732
Giancarlo Stanton,34,147,DH,R,R,"6' 6""",245,USA,27,1989-11-08,.191,24,60,.695,.275,.420,71,43,41,0,0,2,13,0,15.46,101,371,519317
Spencer Steer,26,113,1B,R,R,"5' 11""",185,USA,7,1997-12-07,.271,23,86,.820,.356,.464,158,74,68,15,3,11,37,3,25.30,156,582,668715
Michael Stefanic,27,108,2B,R,R,"5' 8""",180,USA,38,1996-02-24,.290,0,6,.735,.380,.355,18,5,8,0,1,1,2,1,-.--,25,62,683021
Tyler Stephenson,27,113,C,R,R,"6' 4""",225,USA,37,1996-08-16,.243,13,56,.695,.317,.378,113,59,47,0,1,4,20,2,35.77,142,465,663886
Andrew Stevenson,29,142,CF,L,L,"5' 11""",191,USA,45,1994-06-01,.189,0,1,.466,.250,.216,7,4,2,4,1,1,1,0,-.--,25,37,664057
Cal Stevenson,27,137,CF,L,L,"5' 9""",175,USA,37,1996-09-12,.000,0,0,.250,.250,.000,0,1,3,0,0,0,0,0,-.--,6,9,670276
DJ Stewart,30,121,RF,R,L,"6' 0""",210,USA,29,1993-11-30,.244,11,26,.839,.333,.506,39,21,15,1,1,7,9,0,14.54,58,160,621466
Trevor Story,31,111,SS,R,R,"6' 2""",209,USA,10,1992-11-15,.203,3,14,.566,.250,.316,32,12,9,10,3,1,9,0,52.67,43,158,596115
Bryson Stott,26,143,2B,R,L,"6' 3""",200,USA,5,1997-10-06,.280,15,62,.748,.329,.419,164,78,39,31,3,7,32,2,39.00,151,585,681082
Kyle Stowers,26,110,LF,L,L,"6' 3""",215,USA,28,1998-01-02,.067,0,0,.219,.152,.067,2,1,3,0,0,0,0,0,-.--,14,30,669065
Myles Straw,29,114,CF,R,R,"5' 10""",178,USA,7,1994-10-17,.238,1,29,.598,.301,.297,110,52,42,20,6,2,18,3,462.00,147,462,664702
Garrett Stubbs,30,143,C,R,L,"5' 10""",170,USA,21,1993-05-26,.204,1,12,.557,.274,.283,23,15,9,2,0,2,4,1,113.00,41,113,596117
Eugenio Suarez,32,136,3B,R,R,"5' 11""",213,Venezuela,28,1991-07-18,.232,22,96,.714,.323,.391,139,68,70,2,1,15,29,0,27.18,162,598,553993
Brett Sullivan,29,135,C,R,L,"5' 10""",195,USA,29,1994-02-22,.210,1,6,.528,.244,.284,17,7,4,0,0,0,3,0,81.00,33,81,664954
Jack Suwinski,25,134,CF,L,L,"6' 2""",215,USA,65,1998-07-29,.224,26,74,.793,.339,.454,100,63,75,13,2,6,21,2,17.19,144,447,669261
Seiya Suzuki,29,112,RF,R,R,"5' 11""",182,Japan,27,1994-08-18,.285,20,74,.842,.357,.485,147,75,59,6,7,2,31,6,25.75,138,515,673548
Dansby Swanson,29,112,SS,R,R,"6' 1""",190,USA,7,1994-02-11,.244,22,80,.744,.328,.416,138,81,66,9,1,5,25,3,25.68,147,565,621020
Raimel Tapia,29,111,RF,L,L,"6' 3""",178,Dominican Republic,17,1994-02-04,.236,3,13,.655,.317,.338,35,28,17,10,2,1,4,1,49.33,64,148,606132
Fernando Tatis Jr.,25,135,RF,R,R,"6' 3""",217,Dominican Republic,23,1999-01-02,.257,25,78,.771,.322,.449,148,91,53,29,4,3,33,1,23.00,141,575,665487
Mike Tauchman,33,112,CF,L,L,"6' 1""",220,USA,40,1990-12-03,.252,8,48,.740,.363,.377,85,64,56,7,1,4,18,0,42.12,108,337,643565
Leody Taveras,25,140,CF,R,S,"6' 2""",195,Dominican Republic,3,1998-09-08,.266,14,67,.733,.312,.421,136,67,35,14,4,1,31,3,36.50,143,511,665750
Chris Taylor,33,119,SS,R,R,"6' 1""",196,USA,3,1990-08-29,.237,15,56,.746,.326,.420,80,51,41,16,3,4,15,1,22.53,117,338,621035
Michael A. Taylor,32,142,CF,R,R,"6' 4""",215,USA,2,1991-03-26,.220,21,51,.720,.278,.442,78,48,26,13,1,3,14,1,16.90,129,355,572191
Samad Taylor,25,118,2B,R,R,"5' 8""",160,USA,0,1998-07-11,.200,0,4,.546,.279,.267,12,11,7,8,0,0,2,1,-.--,31,60,669392
Tyrone Taylor,29,158,RF,R,R,"6' 1""",218,USA,15,1994-01-22,.234,10,35,.713,.267,.446,54,36,8,9,0,3,17,1,23.10,81,231,621438
Rowdy Tellez,28,158,1B,L,L,"6' 4""",270,USA,11,1995-03-16,.215,13,47,.667,.291,.376,67,26,35,0,0,0,9,1,23.92,106,311,642133
Jose Tena,22,114,SS,R,L,"5' 11""",195,Dominican Republic,8,2001-03-20,.226,0,3,.584,.294,.290,7,2,3,0,0,0,2,0,-.--,18,31,677588
Matt Thaiss,28,108,C,R,L,"6' 0""",215,USA,21,1995-05-06,.214,9,31,.659,.319,.340,56,32,36,2,0,6,6,0,29.11,95,262,642136
Alek Thomas,23,109,CF,L,L,"5' 11""",175,USA,5,2000-04-28,.230,9,39,.647,.273,.374,86,51,19,9,1,4,17,5,41.56,125,374,677950
Cody Thomas,29,133,RF,R,L,"6' 4""",211,USA,48,1994-10-08,.238,1,2,.685,.304,.381,10,1,4,0,0,0,3,0,42.00,19,42,642137
Lane Thomas,28,120,RF,R,R,"6' 0""",198,USA,28,1995-08-23,.268,28,86,.783,.315,.468,168,101,36,20,5,11,36,3,22.43,157,628,657041
Bubba Thompson,25,140,LF,R,R,"6' 2""",197,USA,8,1998-06-09,.170,0,4,.520,.237,.283,9,10,4,4,2,1,4,1,-.--,37,53,669352
Trayce Thompson,32,119,RF,R,R,"6' 3""",225,USA,25,1991-03-15,.163,6,17,.579,.285,.294,25,17,24,2,0,2,2,0,25.50,72,153,572204
Michael Toglia,25,115,1B,L,S,"6' 5""",226,USA,4,1998-08-16,.163,4,9,.508,.224,.284,23,18,10,1,1,1,5,0,35.25,45,141,669911
Spencer Torkelson,24,116,1B,R,R,"6' 1""",220,USA,20,1999-08-26,.233,31,94,.759,.313,.446,141,88,67,3,0,6,34,1,19.55,159,606,679529
Abraham Toro,27,158,3B,R,S,"6' 0""",223,Canada,13,1996-12-20,.444,2,9,1.302,.524,.778,8,4,2,0,0,1,0,0,9.00,9,18,647351
Luis Torrens,27,112,C,R,R,"6' 0""",217,Venezuela,22,1996-05-02,.250,0,4,.657,.300,.357,7,1,1,0,0,1,3,0,-.--,18,28,620443
Gleyber Torres,27,147,2B,R,R,"6' 1""",205,Venezuela,25,1996-12-13,.273,25,68,.800,.347,.453,163,90,67,13,6,3,28,2,23.84,158,596,650402
Ezequiel Tovar,22,115,SS,R,R,"6' 0""",162,Venezuela,14,2001-08-01,.253,15,73,.695,.287,.408,147,79,25,11,5,4,37,4,38.73,153,581,678662
Taylor Trammell,26,136,LF,L,L,"6' 2""",220,USA,5,1997-09-13,.130,3,11,.612,.286,.326,6,7,9,0,1,1,0,0,15.33,22,46,666211
Alan Trejo,27,115,2B,R,R,"6' 2""",205,USA,13,1996-05-30,.232,4,26,.631,.288,.343,48,24,16,5,1,1,11,0,51.75,83,207,676701
Jose Trevino,31,147,C,R,R,"5' 10""",215,USA,39,1992-11-28,.210,4,15,.569,.257,.312,33,15,8,0,0,2,4,0,39.25,55,157,624431
Jared Triolo,25,134,3B,R,R,"6' 3""",210,USA,19,1998-02-08,.298,3,21,.786,.388,.398,54,30,24,6,1,3,9,0,60.33,54,181,669707
Chadwick Tromp,28,144,C,R,R,"5' 8""",221,Aruba,48,1995-03-21,.125,0,1,.313,.125,.188,2,1,0,0,0,0,1,0,-.--,6,16,644433
Mike Trout,32,108,CF,R,R,"6' 2""",235,USA,27,1991-08-07,.263,18,44,.857,.367,.490,81,54,45,2,0,7,14,1,17.11,82,308,545361
Cole Tucker,27,115,SS,R,S,"6' 3""",200,USA,11,1996-07-03,.500,0,2,1.100,.600,.500,4,2,1,0,0,1,0,0,-.--,5,8,657061
Kyle Tucker,26,117,RF,R,L,"6' 4""",199,USA,30,1997-01-17,.284,29,112,.886,.369,.517,163,97,80,30,5,3,37,5,19.79,157,574,663656
Brice Turang,24,158,2B,R,L,"6' 0""",176,USA,0,1999-11-21,.218,6,34,.585,.285,.300,88,46,38,26,4,1,9,3,67.33,137,404,668930
Justin Turner,39,111,DH,R,R,"5' 11""",208,USA,2,1984-11-23,.276,23,96,.800,.345,.455,154,86,51,4,1,11,31,0,24.26,146,558,457759
Trea Turner,30,143,SS,R,R,"6' 2""",185,USA,7,1993-06-30,.266,26,76,.779,.320,.459,170,102,45,30,0,6,35,5,24.58,155,639,607208
Luis Urias,26,111,3B,R,R,"5' 10""",202,Mexico,17,1997-06-03,.194,3,18,.636,.337,.299,28,18,21,0,0,10,6,0,48.00,52,144,649966
Ramon Urias,29,110,3B,R,R,"5' 10""",185,Mexico,29,1994-06-03,.264,4,42,.703,.328,.375,95,45,27,3,1,8,22,3,90.00,116,360,602104
Gio Urshela,32,108,3B,R,R,"6' 0""",215,Colombia,10,1991-10-11,.299,2,24,.703,.329,.374,64,22,10,3,2,1,8,1,107.00,62,214,570482
Enmanuel Valdez,25,111,2B,R,L,"5' 8""",191,Dominican Republic,47,1998-12-28,.266,6,19,.764,.311,.453,37,17,8,5,1,1,8,0,23.17,49,139,665839
Ildemaro Vargas,32,120,SS,R,S,"6' 0""",195,Venezuela,14,1991-07-16,.252,4,31,.667,.304,.363,66,32,19,1,1,1,13,2,65.50,86,262,545121
Miguel Vargas,24,119,2B,R,R,"6' 3""",205,Cuba,17,1999-11-17,.195,7,32,.672,.305,.367,50,36,38,3,2,4,15,4,36.57,81,256,678246
Daulton Varsho,27,141,LF,R,L,"5' 10""",207,USA,25,1996-07-02,.220,20,61,.674,.285,.389,116,65,45,16,7,4,23,3,26.35,158,527,662139
Andrew Vaughn,25,145,1B,R,R,"6' 0""",215,USA,25,1998-04-03,.258,21,80,.743,.314,.429,146,67,36,0,0,11,30,2,26.95,152,566,683734
Terrin Vavra,26,110,RF,R,L,"6' 0""",185,USA,23,1997-05-12,.245,0,5,.560,.315,.245,12,9,5,1,0,0,0,0,-.--,27,49,679631
Christian Vazquez,33,142,C,R,R,"5' 9""",205,Puerto Rico,8,1990-08-21,.223,6,32,.598,.280,.318,73,34,25,1,0,1,13,0,54.50,102,327,543877
Andrew Velazquez,29,108,SS,R,R,"5' 9""",170,USA,4,1994-07-14,.173,2,3,.548,.264,.284,14,12,10,13,3,0,3,0,40.50,54,81,623205
Nelson Velazquez,25,118,RF,R,R,"6' 0""",190,Puerto Rico,17,1998-12-26,.235,17,34,.888,.302,.586,38,35,14,0,0,2,6,0,9.53,53,162,676369
Alex Verdugo,27,111,RF,L,L,"6' 0""",209,USA,99,1996-05-15,.264,13,54,.745,.324,.421,144,81,45,5,3,6,37,5,42.00,142,546,657077
Mark Vientos,24,121,3B,R,R,"6' 4""",185,USA,27,1999-12-11,.211,9,22,.620,.253,.367,46,19,10,1,0,3,5,1,24.22,65,218,668901
Matt Vierling,27,116,RF,R,R,"6' 3""",205,USA,8,1996-09-16,.261,10,44,.717,.329,.388,125,63,44,6,6,5,21,5,47.90,134,479,663837
David Villar,26,137,2B,R,R,"6' 1""",215,USA,32,1997-01-27,.145,5,12,.551,.236,.315,18,15,11,1,1,4,6,0,24.80,46,124,681584
Meibrys Viloria,26,114,C,R,L,"5' 11""",225,Colombia,46,1997-02-15,.000,0,0,.250,.250,.000,0,0,1,0,0,0,0,0,-.--,10,3,650619
Daniel Vogelbach,31,121,DH,R,L,"6' 0""",270,USA,32,1992-12-17,.233,13,48,.743,.339,.404,64,33,42,0,0,2,8,0,21.15,104,275,596129
Luke Voit,32,158,1B,R,R,"6' 2""",258,USA,45,1991-02-13,.221,0,4,.549,.284,.265,15,5,4,2,0,2,3,0,-.--,22,68,572228
Anthony Volpe,22,147,SS,R,R,"5' 9""",180,USA,11,2001-04-28,.209,21,60,.666,.283,.383,113,62,52,24,5,5,23,4,25.76,159,541,683011
Jason Vosler,30,113,1B,R,L,"6' 1""",220,USA,32,1993-09-06,.161,3,10,.571,.200,.371,10,6,3,0,0,0,2,1,20.67,20,62,613564
Joey Votto,40,113,1B,R,L,"6' 2""",220,Canada,19,1983-09-10,.202,14,38,.747,.314,.433,42,26,27,0,0,7,6,0,14.86,65,208,458015
LaMonte Wade Jr.,30,137,1B,L,L,"6' 1""",205,USA,31,1994-01-01,.256,17,45,.790,.373,.417,110,64,76,2,0,6,14,2,25.24,135,429,664774
Tyler Wade,29,133,2B,R,L,"6' 1""",188,USA,8,1994-11-23,.255,0,2,.623,.309,.314,13,8,4,4,0,0,1,1,-.--,26,51,642180
Christian Walker,32,109,1B,R,R,"6' 0""",208,USA,53,1991-03-28,.258,33,103,.830,.333,.497,150,86,62,11,0,8,36,2,17.64,157,582,572233
Jordan Walker,21,138,RF,R,R,"6' 6""",245,USA,18,2002-05-22,.276,16,51,.787,.342,.445,116,51,37,7,4,6,19,2,26.25,117,420,691023
Forrest Wall,28,144,LF,R,L,"6' 0""",195,USA,73,1995-11-20,.462,1,2,1.379,.533,.846,6,6,2,5,1,0,2,0,13.00,15,13,657088
Chad Wallach,32,108,C,R,R,"6' 2""",246,USA,35,1991-11-04,.197,7,15,.635,.259,.376,31,18,13,0,1,0,5,1,22.43,65,157,595453
Matt Wallner,26,142,RF,R,L,"6' 4""",220,USA,38,1997-12-12,.249,14,41,.877,.370,.507,53,42,28,2,1,13,11,1,15.21,76,213,670242
Taylor Walls,27,139,3B,R,S,"5' 10""",185,USA,6,1996-07-10,.201,8,36,.638,.305,.333,61,50,44,22,1,1,12,2,37.88,99,303,670764
Jared Walsh,30,108,1B,L,L,"6' 0""",210,USA,20,1993-07-30,.125,4,11,.495,.216,.279,13,10,11,0,0,1,4,0,26.00,39,104,665120
Taylor Ward,30,108,LF,R,R,"6' 1""",200,USA,3,1993-12-14,.253,14,47,.756,.335,.421,90,60,39,4,2,8,18,0,25.43,97,356,621493
Drew Waters,25,118,CF,R,S,"6' 0""",185,USA,6,1998-12-30,.228,8,32,.677,.300,.377,69,40,27,16,5,5,11,5,37.75,98,302,671221
Austin Wells,24,147,C,R,L,"6' 2""",220,USA,88,1999-07-12,.229,4,13,.743,.257,.486,16,8,3,0,0,0,6,0,17.50,19,70,669224
Joey Wendle,33,146,SS,R,L,"6' 1""",195,USA,18,1990-04-26,.212,2,20,.554,.248,.306,63,33,13,7,1,2,16,3,148.50,112,297,621563
Jordan Westburg,24,110,2B,R,R,"6' 2""",210,USA,11,1999-02-18,.260,3,23,.715,.311,.404,54,26,16,4,1,1,17,2,69.33,68,208,676059
Eli White,29,144,CF,R,R,"6' 2""",195,USA,,1994-06-26,.071,0,0,.306,.235,.071,1,1,2,0,0,1,0,0,-.--,6,14,642201
Joey Wiemer,24,158,CF,R,R,"6' 4""",220,USA,28,1999-02-11,.204,13,42,.645,.283,.362,75,48,36,11,4,5,19,0,28.23,132,367,686894
Alika Williams,24,134,SS,R,R,"6' 1""",180,USA,75,1999-03-12,.198,0,6,.518,.270,.248,20,7,9,0,0,1,5,0,-.--,46,101,675961
Luke Williams,27,119,SS,R,R,"6' 0""",186,USA,37,1996-08-09,.053,0,0,.106,.053,.053,1,1,0,4,0,0,0,0,-.--,11,19,663897
Weston Wilson,29,143,3B,R,R,"6' 3""",215,USA,37,1994-09-11,.313,1,2,1.000,.500,.500,5,5,6,3,1,0,0,0,16.00,8,16,642215
Jesse Winker,30,158,DH,L,L,"6' 2""",230,USA,33,1993-08-17,.199,1,23,.567,.320,.247,33,16,26,0,0,4,5,0,166.00,61,166,608385
Masyn Winn,21,138,SS,R,R,"5' 11""",180,USA,0,2002-03-21,.172,2,12,.468,.230,.238,21,8,10,2,1,0,2,0,61.00,37,122,691026
Patrick Wisdom,32,112,3B,R,R,"6' 2""",220,USA,16,1991-08-27,.205,23,46,.789,.289,.500,55,43,30,4,2,2,8,1,11.65,97,268,621550
Brett Wisely,24,137,2B,R,L,"5' 10""",180,USA,70,1999-05-08,.175,2,8,.498,.231,.267,21,10,9,2,1,0,5,0,60.00,51,120,689172
Bobby Witt Jr.,23,118,SS,R,R,"6' 1""",200,USA,7,2000-06-14,.276,30,96,.814,.319,.495,177,97,40,49,15,4,28,11,21.37,158,641,677951
Connor Wong,27,111,C,R,R,"6' 1""",190,USA,12,1996-05-19,.235,9,36,.673,.288,.385,87,55,22,8,2,6,25,2,41.22,126,371,657136
Kolten Wong,33,119,2B,R,L,"5' 7""",185,USA,25,1990-10-10,.183,4,27,.519,.256,.263,41,25,18,3,2,5,6,0,56.00,87,224,543939
Austin Wynns,33,119,C,R,R,"6' 0""",190,USA,29,1990-12-10,.208,1,10,.545,.268,.277,27,11,9,1,0,2,6,0,130.00,51,130,642851
Mike Yastrzemski,33,137,CF,L,L,"5' 10""",178,USA,5,1990-08-23,.233,15,43,.775,.330,.445,77,54,45,2,2,3,23,1,22.00,106,330,573262
Christian Yelich,32,158,LF,R,L,"6' 3""",207,USA,22,1991-12-05,.278,19,76,.817,.370,.447,153,106,78,28,3,3,34,1,28.95,144,550,592885
Juan Yepez,25,138,LF,R,R,"6' 1""",200,Venezuela,13,1998-02-19,.183,2,2,.546,.246,.300,11,5,4,0,1,1,1,0,30.00,28,60,660766
Masataka Yoshida,30,111,LF,R,L,"5' 8""",192,Japan,7,1993-07-15,.289,15,72,.783,.338,.445,155,71,34,8,0,7,33,3,35.80,140,537,807799
Jacob Young,24,120,OF,R,R,"5' 11""",180,USA,30,1999-07-27,.252,0,12,.658,.322,.336,27,9,10,13,0,1,7,1,-.--,33,107,696285
Jared Young,28,112,1B,R,L,"6' 0""",185,Canada,18,1995-07-09,.186,2,8,.720,.255,.465,8,8,3,2,0,1,0,3,21.50,16,43,676724
Seby Zavala,30,109,C,R,R,"5' 11""",205,USA,59,1993-08-28,.171,7,18,.544,.230,.314,30,17,12,1,0,2,4,0,25.00,73,175,664874
Mike Zunino,32,114,C,R,R,"6' 2""",235,USA,10,1991-03-25,.177,3,11,.577,.271,.306,22,11,15,0,0,1,7,0,41.33,42,124,572287
Travis d'Arnaud,34,144,C,R,R,"6' 2""",210,USA,16,1989-02-10,.225,11,39,.685,.288,.397,60,31,21,0,0,3,13,0,24.27,74,267,518595
