Full Name,Age,Current Team,Position,Throws,Bats,Height,Weight,Birth Country,Uniform #,Birthdate,G,IP,W,L,ERA,WHIP,SO/9,BB,ID
Fernando Abad,38,115,P,L,L,"6' 2""",235,Dominican Republic,60,1985-12-17,6,6.1,1,0,4.26,2.21,2.84,3,472551
Andrew Abbott,24,113,P,L,L,"6' 0""",192,USA,41,1999-06-01,21,109.1,8,6,3.87,1.32,9.88,44,671096
Cory Abbott,28,120,P,R,R,"6' 2""",217,USA,77,1995-09-20,22,39.1,1,2,6.64,1.70,9.15,19,676265
Albert Abreu,28,147,P,R,R,"6' 2""",190,Dominican Republic,84,1995-09-26,45,59.0,2,2,4.73,1.47,9.31,35,656061
Bryan Abreu,26,117,P,R,R,"6' 1""",225,Dominican Republic,52,1997-04-22,72,72.0,3,2,1.75,1.04,12.50,31,650556
Domingo Acevedo,29,133,P,R,R,"6' 7""",240,Dominican Republic,68,1994-03-06,9,9.1,0,0,10.61,1.93,6.75,2,642758
Garrett Acton,25,133,P,R,L,"6' 2""",215,USA,67,1998-06-15,6,5.2,0,0,12.71,2.47,7.94,5,670183
Jason Adam,32,139,P,R,R,"6' 3""",229,USA,47,1991-08-04,56,54.1,4,2,2.98,1.01,11.43,20,592094
Austin Adams,32,109,P,R,R,"6' 3""",220,USA,55,1991-05-05,24,17.1,0,1,5.71,1.38,11.42,8,613534
Ty Adcock,26,136,P,R,R,"6' 0""",213,USA,70,1997-02-07,12,15.2,0,0,3.45,0.70,6.32,0,686654
Joan Adon,25,120,P,R,R,"6' 2""",245,Dominican Republic,60,1998-08-12,12,51.2,2,4,6.45,1.63,8.36,24,672851
Keegan Akin,28,110,P,L,L,"6' 0""",240,USA,45,1995-04-01,24,23.2,2,2,6.85,1.77,10.27,7,669211
Jorge Alcala,28,142,P,R,R,"6' 3""",205,Dominican Republic,66,1995-07-28,11,17.1,0,1,6.23,1.38,8.31,10,660896
Sandy Alcantara,28,146,P,R,R,"6' 5""",200,Dominican Republic,22,1995-09-07,28,184.2,7,12,4.14,1.21,7.36,48,645261
Scott Alexander,34,137,P,L,L,"6' 2""",195,USA,54,1989-07-10,55,48.1,7,3,4.66,1.37,5.77,11,518397
Tyler Alexander,29,116,P,L,R,"6' 2""",203,USA,70,1994-07-14,25,44.0,2,1,4.50,1.11,9.00,5,641302
Kolby Allard,26,144,P,L,L,"6' 1""",195,USA,49,1997-08-13,4,12.1,0,1,6.57,1.62,9.49,4,663465
Logan Allen,25,114,P,L,R,"6' 0""",190,USA,41,1998-09-05,24,125.1,7,8,3.81,1.40,8.55,48,671106
Yency Almonte,29,119,P,R,R,"6' 5""",223,USA,38,1994-06-04,49,48.0,3,2,5.06,1.40,9.19,24,622075
Jose Alvarado,28,143,P,L,L,"6' 2""",245,Venezuela,46,1995-05-21,42,41.1,0,2,1.74,1.16,13.94,18,621237
Adbert Alzolay,28,112,P,R,R,"6' 1""",208,Venezuela,73,1995-03-01,58,64.0,2,5,2.67,1.02,9.42,13,640470
Grant Anderson,26,140,P,R,R,"6' 0""",180,USA,65,1997-06-21,26,35.2,2,1,5.05,1.46,7.57,14,681982
Nick Anderson,33,144,P,R,R,"6' 4""",205,USA,61,1990-07-05,35,35.1,4,0,3.06,1.10,9.17,9,623433
Chase Anderson,36,115,P,R,R,"6' 1""",210,USA,45,1987-11-30,19,86.1,1,6,5.42,1.42,6.67,33,502624
Tyler Anderson,34,108,P,L,L,"6' 2""",220,USA,31,1989-12-30,27,141.0,6,6,5.43,1.49,7.60,64,542881
Clayton Andrews,26,158,P,L,L,"5' 6""",160,USA,47,1997-01-04,4,3.1,0,1,27.00,3.60,10.80,2,677076
Tejay Antone,30,113,P,R,R,"6' 4""",230,USA,70,1993-12-05,5,5.2,0,0,1.59,0.88,11.12,2,622088
Shawn Armstrong,33,139,P,R,R,"6' 2""",225,USA,64,1990-09-11,39,52.0,1,0,1.38,0.90,9.35,11,542888
Graham Ashcraft,25,113,P,R,L,"6' 2""",248,USA,51,1998-02-11,26,145.2,7,9,4.76,1.37,6.86,52,668933
Javier Assad,26,112,P,R,R,"6' 1""",200,Mexico,72,1997-07-30,32,109.1,5,3,3.05,1.23,7.74,41,665871
Pedro Avila,26,135,P,R,R,"5' 11""",210,Venezuela,60,1997-01-14,14,50.1,2,2,3.22,1.35,9.66,25,658648
Sam Bachman,24,108,P,R,R,"6' 1""",235,USA,40,1999-09-30,11,17.0,1,2,3.18,1.65,7.41,11,696147
Bryan Baker,29,110,P,R,R,"6' 6""",235,USA,43,1994-12-02,46,45.0,4,3,3.60,1.27,10.20,24,641329
Jordan Balazovic,25,142,P,R,R,"6' 5""",215,Canada,81,1998-09-17,18,24.1,1,0,4.44,1.56,6.29,12,666364
Anthony Banda,30,120,P,L,L,"6' 2""",221,USA,50,1993-08-10,10,7.0,0,0,6.43,2.00,7.71,5,607455
Tanner Banks,32,145,P,L,R,"6' 1""",210,USA,57,1991-10-24,32,61.0,1,4,4.43,1.23,7.52,16,621383
Daniel Bard,38,115,P,R,R,"6' 4""",215,USA,52,1985-06-25,50,49.1,4,2,4.56,1.70,8.57,49,453268
Joe Barlow,28,140,P,R,R,"6' 2""",210,USA,68,1995-09-28,13,9.2,1,1,4.66,1.55,5.59,2,669618
Scott Barlow,31,118,P,R,R,"6' 3""",210,USA,58,1992-12-18,63,68.0,2,6,4.37,1.40,10.46,34,605130
Jacob Barnes,33,138,P,R,R,"6' 2""",231,USA,61,1990-04-14,13,13.2,0,1,5.93,1.54,5.27,3,606930
Matt Barnes,33,146,P,R,R,"6' 4""",208,USA,32,1990-06-17,24,21.1,1,0,5.48,1.64,8.44,10,598264
Kyle Barraclough,33,111,P,R,R,"6' 3""",229,USA,44,1990-05-23,3,7.2,1,1,12.91,2.61,4.70,6,607457
Jaime Barria,27,108,P,R,R,"6' 1""",210,Panama,51,1996-07-18,34,82.1,2,6,5.68,1.47,6.78,30,642545
Anthony Bass,36,141,P,R,R,"6' 2""",205,USA,52,1987-11-01,22,20.0,0,0,4.95,1.40,8.55,9,542914
Chris Bassitt,34,141,P,R,R,"6' 5""",217,USA,40,1989-02-22,33,200.0,16,8,3.60,1.18,8.37,59,605135
Peyton Battenfield,26,114,P,R,R,"6' 4""",224,USA,50,1997-08-10,7,34.2,0,5,5.19,1.33,7.01,12,685410
Mike Baumann,28,110,P,R,R,"6' 4""",240,USA,53,1995-09-10,60,64.2,10,1,3.76,1.31,8.49,33,657508
Felix Bautista,28,110,P,R,R,"6' 8""",285,Dominican Republic,74,1995-06-20,56,61.0,8,2,1.48,0.92,16.23,26,642585
Eduard Bazardo,28,110,P,R,R,"6' 0""",190,Venezuela,67,1995-09-01,12,16.0,0,0,4.50,1.19,8.44,4,660825
Tristan Beck,27,137,P,R,R,"6' 4""",165,USA,43,1996-06-24,33,85.0,3,3,3.92,1.22,7.20,21,663941
David Bednar,29,134,P,R,L,"6' 0""",225,USA,51,1994-10-10,66,67.1,3,3,2.00,1.10,10.69,21,670280
Jalen Beeks,30,139,P,L,L,"5' 11""",215,USA,68,1993-07-10,30,42.1,2,3,5.95,1.49,9.99,21,656222
Andrew Bellatti,32,143,P,R,R,"6' 1""",190,USA,64,1991-08-05,27,24.2,1,0,5.11,1.50,9.12,12,571479
Brayan Bello,24,111,P,R,R,"6' 1""",195,Dominican Republic,66,1999-05-17,28,157.0,12,11,4.24,1.34,7.57,45,678394
Brennan Bernardino,31,111,P,L,L,"6' 4""",180,USA,83,1992-01-15,55,50.2,2,1,3.20,1.30,10.30,18,657514
Jose Berrios,29,141,P,R,R,"6' 0""",205,Puerto Rico,17,1994-05-27,32,189.2,11,12,3.65,1.19,8.73,52,621244
Prelander Berroa,23,136,P,R,R,"5' 11""",170,Dominican Republic,52,2000-04-18,2,1.2,0,0,0.00,1.80,16.20,3,672860
Tanner Bibee,24,114,P,R,R,"6' 2""",205,USA,61,1999-03-05,25,142.0,10,4,2.98,1.18,8.94,45,676440
Phil Bickford,28,121,P,R,R,"6' 4""",200,USA,50,1995-07-10,61,67.1,5,5,4.95,1.46,10.16,39,641360
Osvaldo Bido,28,134,P,R,R,"6' 3""",175,Dominican Republic,70,1995-10-18,16,50.2,2,5,5.86,1.50,8.53,21,674370
Shane Bieber,28,114,P,R,R,"6' 3""",200,USA,57,1995-05-31,21,128.0,6,6,3.80,1.23,7.52,34,669456
Brandon Bielak,27,117,P,R,L,"6' 2""",208,USA,64,1996-04-02,15,80.0,5,6,3.83,1.53,6.98,36,656232
Jake Bird,28,115,P,R,R,"6' 3""",200,USA,59,1995-12-04,70,89.1,3,3,4.33,1.35,7.76,27,656234
Ty Blach,33,115,P,L,R,"6' 1""",215,USA,50,1990-10-20,20,78.0,3,3,5.54,1.64,5.77,24,621389
Paul Blackburn,30,133,P,R,R,"6' 1""",196,USA,58,1993-12-04,21,103.2,4,7,4.43,1.54,9.03,43,621112
Ronel Blanco,30,117,P,R,R,"6' 0""",180,Dominican Republic,56,1993-08-31,17,52.0,2,1,4.50,1.48,9.00,28,669854
Richard Bleier,36,111,P,L,L,"6' 3""",234,USA,35,1987-04-16,27,30.2,1,0,5.28,1.37,4.70,5,542947
Cody Bolton,25,134,P,R,R,"6' 2""",210,USA,67,1998-06-19,16,21.1,1,0,6.33,2.11,9.28,15,675989
Ryan Borucki,29,134,P,L,L,"6' 4""",210,USA,43,1994-03-31,38,40.1,4,0,2.45,0.74,7.36,4,621366
Caleb Boushley,30,158,P,R,R,"6' 3""",190,USA,57,1993-10-01,1,2.1,1,0,3.86,1.29,19.29,2,676961
Jonathan Bowlan,27,118,P,R,R,"6' 6""",240,USA,62,1996-12-01,2,3.0,0,1,3.00,1.67,9.00,0,680742
Matt Bowman,32,147,P,R,R,"6' 0""",185,USA,50,1991-05-31,3,4.0,0,0,9.00,2.00,6.75,2,621199
Brad Boxberger,35,112,P,R,R,"5' 10""",211,USA,25,1988-05-27,22,20.0,0,1,4.95,1.30,7.65,11,502202
Matthew Boyd,32,116,P,L,L,"6' 3""",223,USA,48,1991-02-02,15,71.0,5,5,5.45,1.32,9.25,25,571510
Joe Boyle,24,133,P,R,R,"6' 7""",240,USA,35,1999-08-14,3,16.0,2,0,1.69,0.81,8.44,5,671212
Silvino Bracho,31,113,P,R,R,"5' 10""",190,Venezuela,69,1992-07-17,5,7.1,0,0,3.68,1.50,7.36,6,611093
Cody Bradford,25,140,P,L,L,"6' 4""",197,USA,61,1998-02-22,20,56.0,4,3,5.30,1.21,8.20,12,674003
Kyle Bradish,27,110,P,R,R,"6' 3""",215,USA,39,1996-09-12,30,168.2,12,7,2.83,1.04,8.96,44,680694
Archie Bradley,31,146,P,R,R,"6' 4""",215,USA,25,1992-08-10,4,7.1,0,0,11.05,2.18,8.59,3,605151
Taj Bradley,22,139,P,R,R,"6' 2""",190,USA,45,2001-03-20,23,104.2,5,8,5.59,1.39,11.09,39,671737
Matt Brash,25,136,P,R,R,"6' 1""",173,Canada,47,1998-05-12,78,70.2,9,4,3.06,1.33,13.63,29,666374
Ryan Brasier,36,119,P,R,R,"6' 0""",223,USA,57,1987-08-26,59,59.2,3,0,3.02,1.02,8.45,19,518489
Huascar Brazoban,34,146,P,R,R,"6' 3""",155,Dominican Republic,31,1989-10-15,50,58.2,5,2,4.14,1.43,9.97,31,623211
John Brebbia,33,137,P,R,L,"6' 1""",200,USA,59,1990-05-30,40,38.1,3,5,3.99,1.17,11.03,14,605154
Colten Brewer,31,147,P,R,R,"6' 4""",222,USA,54,1992-10-29,3,8.1,0,0,4.32,1.08,4.32,3,605155
Beau Brieske,25,116,P,R,R,"6' 3""",200,USA,4,1998-04-04,25,35.0,2,3,3.60,1.37,7.97,12,689225
Jeff Brigham,31,121,P,R,R,"6' 0""",195,USA,43,1992-02-16,37,37.2,1,3,5.26,1.17,10.04,18,656257
Braden Bristo,29,116,P,R,R,"6' 0""",180,USA,51,1994-11-01,3,7.0,0,0,2.57,1.29,6.43,4,668754
Jhony Brito,25,147,P,R,R,"6' 2""",210,Dominican Republic,76,1998-02-17,25,90.1,9,7,4.28,1.22,7.17,28,666745
Connor Brogdon,28,143,P,R,R,"6' 6""",205,USA,75,1995-01-29,27,29.0,2,1,4.03,1.45,8.07,13,641401
Hunter Brown,25,117,P,R,R,"6' 2""",212,USA,58,1998-08-29,31,155.2,11,13,5.09,1.36,10.29,55,686613
Justin Bruihl,26,119,P,L,L,"6' 2""",215,USA,63,1997-06-26,27,28.0,1,0,5.46,1.39,7.07,11,677865
Kris Bubic,26,118,P,L,L,"6' 3""",225,USA,50,1997-08-19,3,16.0,0,2,3.94,1.31,9.00,2,663460
J.B. Bukauskas,27,158,P,R,R,"6' 0""",208,USA,50,1996-10-11,6,7.0,0,0,1.29,1.29,9.00,3,656266
Madison Bumgarner,34,109,P,L,R,"6' 4""",240,USA,40,1989-08-01,4,16.2,0,3,10.26,2.40,5.40,15,518516
Aaron Bummer,30,145,P,L,L,"6' 3""",215,USA,39,1993-09-21,61,58.1,5,5,6.79,1.53,12.03,36,607481
Nick Burdi,30,112,P,R,R,"6' 3""",225,USA,49,1993-01-19,3,3.0,0,0,9.00,2.00,12.00,3,595897
Zack Burdi,28,139,P,R,R,"6' 3""",210,USA,70,1995-03-09,3,4.0,0,0,11.25,2.00,11.25,2,641420
Brock Burke,27,140,P,L,L,"6' 4""",210,USA,46,1996-08-04,53,59.2,5,3,4.37,1.22,7.84,9,656271
Corbin Burnes,29,158,P,R,R,"6' 3""",246,USA,39,1994-10-22,32,193.2,10,8,3.39,1.07,9.29,66,669203
Alan Busenitz,33,113,P,R,R,"6' 1""",180,USA,78,1990-08-22,6,7.0,0,0,2.57,1.29,6.43,1,641427
Matt Bush,37,158,P,R,R,"5' 10""",193,USA,21,1986-02-08,12,10.1,0,2,9.58,1.65,8.71,6,456713
Jose Butto,25,121,P,R,R,"6' 1""",202,Venezuela,70,1998-03-19,9,42.0,1,4,3.64,1.33,8.14,23,676130
Edward Cabrera,25,146,P,R,R,"6' 5""",217,Dominican Republic,27,1998-04-13,22,99.2,7,7,4.24,1.44,10.66,66,665795
Genesis Cabrera,27,141,P,L,L,"6' 2""",180,Dominican Republic,92,1996-10-10,61,55.2,2,1,4.04,1.31,9.38,24,650893
Kelvin Caceres,23,108,P,R,R,"6' 1""",205,Dominican Republic,71,2000-01-26,2,1.1,0,0,6.75,3.00,6.75,2,680983
Blair Calvo,27,115,P,R,R,"6' 3""",195,USA,56,1996-02-27,1,1.0,0,0,0.00,0.00,0.00,0,663971
Isaiah Campbell,26,136,P,R,R,"6' 4""",230,Portugal,49,1997-08-15,27,28.2,4,1,2.83,1.22,10.36,13,663462
Griffin Canning,27,108,P,R,R,"6' 2""",180,USA,47,1996-05-11,24,127.0,7,8,4.32,1.24,9.85,36,656288
Yennier Cano,29,110,P,R,R,"6' 4""",245,Cuba,78,1994-03-09,72,72.2,1,4,2.11,1.00,8.05,13,666974
Matt Carasiti,32,115,P,R,R,"6' 2""",205,USA,62,1991-07-23,16,24.1,1,0,6.29,1.60,5.92,11,571539
Drew Carlton,28,135,P,R,R,"6' 1""",215,USA,73,1995-09-08,11,20.2,2,1,4.35,1.16,7.84,6,656290
Carlos Carrasco,36,121,P,R,R,"6' 4""",224,Venezuela,59,1987-03-21,20,90.0,3,8,6.80,1.70,6.60,38,471911
Daniel Castano,29,146,P,L,L,"6' 3""",231,USA,20,1994-09-17,2,3.0,0,0,21.00,3.33,12.00,3,641447
Diego Castillo,29,136,P,R,R,"6' 3""",268,Dominican Republic,63,1994-01-18,8,8.2,0,0,6.23,1.62,7.27,7,650895
Jose Castillo,27,135,P,L,L,"6' 6""",252,Venezuela,65,1996-01-10,1,0.1,0,0,108.00,12.00,0.00,2,620454
Luis Castillo,31,136,P,R,R,"6' 2""",200,Dominican Republic,58,1992-12-12,33,197.0,14,9,3.34,1.10,10.01,56,622491
Max Castillo,24,118,P,R,R,"6' 2""",280,Venezuela,60,1999-05-04,7,20.1,0,1,4.43,1.43,4.43,9,666721
Miguel Castro,29,109,P,R,R,"6' 7""",201,Dominican Republic,50,1994-12-24,75,64.2,6,6,4.31,1.18,8.35,25,612434
Dylan Cease,28,145,P,R,R,"6' 2""",195,USA,84,1995-12-28,33,177.0,7,9,4.58,1.42,10.88,79,656302
Slade Cecconi,24,109,P,R,R,"6' 4""",219,USA,43,1999-06-24,7,27.0,0,1,4.33,1.15,6.67,4,677944
Luis Cessa,31,113,P,R,R,"6' 0""",222,Mexico,85,1992-04-25,7,26.0,1,4,9.00,2.23,3.81,12,570666
Andrew Chafin,33,109,P,L,R,"6' 2""",235,USA,57,1990-06-17,63,51.1,3,4,4.73,1.42,11.05,28,605177
Aroldis Chapman,35,118,P,L,L,"6' 4""",235,Cuba,54,1988-02-28,61,58.1,6,5,3.09,1.25,15.89,36,547973
JT Chargois,33,146,P,R,S,"6' 3""",200,USA,84,1990-12-03,46,42.1,1,0,3.61,1.25,7.44,18,608638
Jesse Chavez,40,144,P,R,R,"6' 1""",175,USA,60,1983-08-21,36,34.2,1,0,1.56,1.10,10.13,12,445926
Yonny Chirinos,30,144,P,R,R,"6' 2""",225,Venezuela,21,1993-12-26,20,85.0,5,5,5.40,1.39,5.61,27,630023
Adam Cimber,33,141,P,R,R,"6' 3""",195,USA,90,1990-08-15,22,20.2,0,2,7.40,1.55,5.23,7,643256
Jose Cisnero,34,116,P,R,R,"6' 3""",258,Dominican Republic,67,1989-04-11,63,59.1,3,4,5.31,1.48,10.62,25,542585
Aaron Civale,28,114,P,R,R,"6' 2""",215,USA,43,1995-06-12,23,122.1,7,5,3.46,1.16,8.53,33,650644
Taylor Clarke,30,118,P,R,R,"6' 4""",217,USA,45,1993-05-13,58,59.0,3,6,5.95,1.61,9.92,24,664199
Emmanuel Clase,25,114,P,R,R,"6' 2""",206,Dominican Republic,48,1998-03-18,75,72.2,3,9,3.22,1.16,7.93,16,661403
Alex Claudio,31,158,P,L,L,"6' 2""",190,Puerto Rico,58,1992-01-31,1,0.1,0,0,0.00,6.00,0.00,0,592222
Garrett Cleavinger,29,139,P,L,R,"6' 1""",220,USA,60,1994-04-23,15,12.0,1,0,3.00,1.00,10.50,6,664076
Mike Clevinger,33,145,P,R,R,"6' 4""",215,USA,52,1990-12-21,24,131.1,9,9,3.77,1.23,7.54,40,605182
Alex Cobb,36,137,P,R,R,"6' 3""",205,USA,38,1987-10-07,28,151.1,7,7,3.87,1.32,7.79,37,502171
Gerrit Cole,33,147,P,R,R,"6' 4""",220,USA,45,1990-09-08,33,209.0,15,4,2.63,0.98,9.56,48,543037
Dylan Coleman,27,118,P,R,R,"6' 5""",230,USA,65,1996-09-16,23,18.1,0,2,8.84,2.02,10.31,19,669395
Alex Colome,35,145,P,R,R,"6' 2""",240,Dominican Republic,48,1988-12-31,4,3.0,0,1,6.00,1.67,6.00,3,517008
Roansy Contreras,24,134,P,R,R,"6' 1""",205,Dominican Republic,59,1999-11-07,19,68.1,3,7,6.59,1.57,7.24,32,672710
Sam Coonrod,31,121,P,R,R,"6' 1""",225,USA,45,1992-09-22,10,6.2,0,0,9.45,1.95,8.10,8,656322
Patrick Corbin,34,120,P,L,L,"6' 4""",226,USA,46,1989-07-19,32,180.0,10,15,5.20,1.48,6.20,57,571578
Jimmy Cordero,32,147,P,R,R,"6' 4""",245,Dominican Republic,70,1991-10-19,31,32.2,3,2,3.86,1.07,9.37,10,622772
Nestor Cortes,29,147,P,L,R,"5' 11""",210,Cuba,65,1994-12-10,12,63.1,5,2,4.97,1.25,9.52,20,641482
Tom Cosgrove,27,135,P,L,L,"6' 2""",190,USA,59,1996-06-14,54,51.1,1,2,1.75,0.97,7.71,19,676680
Danny Coulombe,34,110,P,L,L,"5' 10""",190,USA,54,1989-10-26,61,51.1,5,3,2.81,1.11,10.17,12,543056
Jake Cousins,29,158,P,R,R,"6' 4""",193,USA,54,1994-07-14,9,9.1,0,0,4.82,2.14,6.75,10,664776
Dylan Covey,32,119,P,R,R,"6' 1""",215,USA,29,1991-08-14,29,43.0,1,3,3.77,1.51,6.28,17,592229
Austin Cox,26,118,P,L,L,"6' 4""",235,USA,53,1997-03-28,24,35.2,0,1,4.54,1.26,8.33,17,680735
Kutter Crawford,27,111,P,R,R,"6' 1""",195,USA,50,1996-04-01,31,129.1,6,8,4.04,1.11,9.39,36,676710
Nabil Crismatt,29,109,P,R,R,"6' 1""",220,Colombia,61,1994-12-25,8,13.0,0,2,8.31,2.00,8.31,7,622503
Cooper Criswell,27,139,P,R,R,"6' 6""",200,USA,71,1996-07-24,10,33.0,1,1,5.73,1.55,7.36,11,681867
Garrett Crochet,24,145,P,L,L,"6' 6""",230,USA,45,1999-06-21,13,12.2,0,2,3.55,1.97,8.53,13,676979
Declan Cronin,26,145,P,R,R,"6' 4""",225,USA,59,1997-09-24,9,11.0,0,1,9.00,1.64,6.55,7,686539
Wil Crowe,29,134,P,R,R,"6' 1""",240,USA,29,1994-09-09,5,9.2,0,1,4.66,1.86,8.38,9,640444
Fernando Cruz,33,113,P,R,R,"6' 2""",237,Puerto Rico,63,1990-03-28,58,66.0,1,2,4.91,1.21,13.36,28,518585
Steven Cruz,24,118,P,R,R,"6' 7""",225,Dominican Republic,64,1999-06-15,10,12.2,0,0,4.97,1.74,10.66,11,674444
Jose Cuas,29,118,P,R,R,"6' 3""",195,Dominican Republic,74,1994-06-28,72,65.1,3,2,3.99,1.50,9.78,35,621016
Johnny Cueto,37,146,P,R,R,"5' 11""",229,Dominican Republic,47,1986-02-15,13,52.1,1,4,6.02,1.26,6.71,15,456501
Xzavion Curry,25,114,P,R,R,"6' 0""",195,USA,44,1998-07-27,41,95.0,3,4,4.07,1.35,6.35,30,675540
John Curtiss,30,121,P,R,R,"6' 5""",220,USA,46,1993-04-05,15,19.2,0,0,4.58,1.27,7.32,8,595928
Tyler Cyr,30,119,P,R,R,"6' 1""",205,USA,62,1993-05-05,2,1.2,0,0,0.00,0.60,10.80,0,664202
Davis Daniel,26,108,P,R,R,"6' 1""",190,USA,58,1997-06-11,3,12.1,1,1,2.19,1.30,6.57,9,669721
Hagen Danner,25,141,P,R,R,"6' 1""",215,USA,65,1998-09-30,1,0.1,0,0,0.00,0.00,0.00,0,668470
Yu Darvish,37,135,P,R,R,"6' 5""",220,Japan,11,1986-08-16,24,136.1,8,10,4.56,1.30,9.31,43,506433
Tucker Davidson,27,118,P,L,L,"6' 2""",215,USA,41,1996-03-25,38,51.1,1,2,5.96,1.62,8.06,19,656353
Zach Davies,30,109,P,R,R,"6' 0""",180,USA,27,1993-02-07,18,82.1,2,5,7.00,1.66,7.87,39,605200
Noah Davis,26,115,P,R,R,"6' 2""",195,USA,63,1997-04-22,8,30.0,0,4,8.70,1.93,7.80,15,663562
Enmanuel De Jesus,27,146,P,L,L,"6' 3""",190,Venezuela,83,1996-12-10,2,6.1,0,0,11.37,2.05,7.11,4,646241
Chase De Jong,30,134,P,R,L,"6' 4""",230,USA,37,1993-12-29,6,11.1,0,0,13.50,2.12,5.56,6,608328
Jose De Leon,31,142,P,R,R,"6' 0""",220,Puerto Rico,87,1992-08-07,12,17.1,0,1,4.67,1.21,8.83,5,592254
Enyel De Los Santos,28,114,P,R,R,"6' 3""",235,Dominican Republic,62,1995-12-25,70,65.2,5,2,3.29,1.14,8.50,25,660853
Yerry De Los Santos,26,134,P,R,R,"6' 2""",210,Dominican Republic,57,1997-12-12,22,24.1,1,1,3.33,1.23,6.66,13,660787
Anthony DeSclafani,33,137,P,R,R,"6' 2""",195,USA,26,1990-04-18,19,99.2,4,8,4.88,1.25,7.13,20,543101
Matt Dermody,33,111,P,L,R,"6' 5""",211,USA,62,1990-07-04,1,4.0,0,1,6.75,1.25,2.25,1,571616
Reid Detmers,24,108,P,L,L,"6' 2""",210,USA,48,1999-07-08,28,148.2,4,10,4.48,1.35,10.17,60,672282
Chris Devenski,33,108,P,R,R,"6' 3""",211,USA,49,1990-11-13,38,42.1,6,4,4.46,1.11,8.93,11,606965
Alexis Diaz,27,113,P,R,R,"6' 2""",224,Puerto Rico,43,1996-09-28,71,67.1,9,6,3.07,1.19,11.50,36,664747
Jhonathan Diaz,27,108,P,L,L,"6' 0""",170,Venezuela,74,1996-09-13,4,7.0,0,0,10.29,2.86,5.14,7,646242
Miguel Diaz,29,116,P,R,R,"6' 0""",224,Dominican Republic,58,1994-11-28,12,14.0,1,0,0.64,0.93,10.29,5,622766
Jake Diekman,36,145,P,L,R,"6' 4""",195,USA,55,1987-01-21,63,56.2,0,2,3.34,1.32,10.16,38,518617
Dylan Dodd,25,144,P,L,L,"6' 2""",210,USA,46,1998-06-06,7,34.1,2,2,7.60,1.89,3.93,12,689266
Seranthony Dominguez,29,143,P,R,R,"6' 1""",225,Dominican Republic,58,1994-11-25,57,50.0,5,5,3.78,1.40,8.64,22,622554
Camilo Doval,26,137,P,R,R,"6' 2""",185,Dominican Republic,75,1997-07-04,69,67.2,6,6,2.93,1.14,11.57,26,666808
Tommy Doyle,27,115,P,R,R,"6' 6""",244,USA,57,1996-05-01,15,23.2,0,1,6.85,1.52,6.85,13,656382
Daniel Duarte,27,113,P,R,R,"6' 0""",235,Mexico,77,1996-12-04,31,31.2,3,0,3.69,1.39,6.54,20,650960
Shawn Dubin,28,117,P,R,R,"6' 1""",171,USA,66,1995-09-06,3,9.0,0,0,7.00,1.67,11.00,3,681869
Tyler Duffey,33,112,P,R,R,"6' 3""",220,USA,65,1990-12-27,1,2.0,0,0,4.50,0.50,13.50,0,608648
Dane Dunning,29,140,P,R,R,"6' 4""",225,USA,33,1994-12-20,35,172.2,12,7,3.70,1.26,7.30,55,641540
Jhoan Duran,25,142,P,R,R,"6' 5""",230,Dominican Republic,59,1998-01-08,59,62.1,3,6,2.45,1.14,12.13,25,661395
Carl Edwards Jr.,32,120,P,R,R,"6' 3""",165,USA,58,1991-09-03,32,31.2,1,3,3.69,1.52,6.82,17,605218
Zach Eflin,29,139,P,R,R,"6' 6""",220,USA,24,1994-04-08,31,177.2,16,8,3.50,1.02,9.42,24,621107
Bryce Elder,24,144,P,R,R,"6' 2""",220,USA,55,1999-05-19,31,174.2,12,4,3.81,1.28,6.60,63,693821
Mason Englert,24,116,P,R,S,"6' 4""",206,USA,53,1999-11-01,31,56.0,4,3,5.46,1.50,6.59,17,669438
Nathan Eovaldi,33,140,P,R,R,"6' 2""",217,USA,17,1990-02-13,25,144.0,12,5,3.63,1.14,8.25,47,543135
Lucas Erceg,28,133,P,R,L,"6' 2""",214,USA,70,1995-05-01,50,55.0,4,4,4.75,1.58,11.13,36,668674
Jose Espada,26,135,P,R,R,"6' 0""",170,Puerto Rico,40,1997-02-22,1,1.0,0,0,0.00,2.00,18.00,2,664744
Paolo Espino,36,120,P,R,R,"5' 10""",212,Panama,30,1987-01-10,3,4.0,0,0,24.75,4.25,6.75,3,502179
Joey Estes,22,133,P,R,R,"6' 2""",190,USA,68,2001-10-08,2,10.0,0,1,7.20,1.40,6.30,2,683155
Carlos Estevez,31,108,P,R,R,"6' 6""",277,Dominican Republic,53,1992-12-28,63,62.1,5,5,3.90,1.49,11.26,31,608032
Jeremiah Estrada,25,112,P,R,S,"6' 1""",185,USA,56,1998-11-01,12,10.2,0,0,6.75,2.25,10.97,12,669093
Alex Faedo,28,116,P,R,R,"6' 5""",225,USA,49,1995-11-12,15,64.2,2,5,4.45,1.05,8.07,20,656412
Pete Fairbanks,30,139,P,R,R,"6' 6""",225,USA,29,1993-12-16,49,45.1,2,4,2.58,1.01,13.50,20,664126
Bailey Falter,26,143,P,L,R,"6' 4""",175,USA,70,1997-04-24,18,80.2,2,9,5.36,1.41,6.69,20,663559
Jeurys Familia,34,133,P,R,R,"6' 3""",240,Dominican Republic,31,1989-10-10,14,12.2,0,1,6.39,2.05,6.39,13,544727
Jake Faria,30,111,P,R,R,"6' 4""",238,USA,32,1993-07-30,1,2.0,0,0,22.50,4.00,13.50,4,607188
Buck Farmer,32,113,P,R,L,"6' 4""",243,USA,46,1991-02-20,71,75.0,4,5,4.20,1.16,8.40,29,571656
Calvin Faucher,28,139,P,R,R,"6' 1""",190,USA,58,1995-09-22,17,25.2,1,1,7.01,1.68,8.77,12,676534
Angel Felipe,26,133,P,R,R,"6' 5""",190,Dominican Republic,53,1997-08-30,14,15.0,1,1,4.20,1.27,11.40,13,665734
Ryan Feltner,27,115,P,R,R,"6' 4""",190,USA,18,1996-09-02,10,43.1,2,4,5.82,1.68,7.89,28,663372
Caleb Ferguson,27,119,P,L,R,"6' 3""",226,USA,64,1996-07-02,68,60.1,7,4,3.43,1.44,10.44,23,657571
Jose A. Ferrer,23,120,P,L,L,"6' 1""",229,Dominican Republic,47,2000-03-03,39,34.0,3,0,5.03,1.47,6.62,13,678606
Matt Festa,30,136,P,R,R,"6' 1""",195,USA,67,1993-03-11,8,9.0,0,0,4.00,1.78,13.00,12,670036
Kyle Finnegan,32,120,P,R,R,"6' 2""",200,USA,67,1991-09-04,67,69.1,7,5,3.76,1.30,8.18,24,640448
Jack Flaherty,28,110,P,R,R,"6' 4""",225,USA,15,1995-10-15,29,144.1,8,9,4.99,1.58,9.23,66,656427
Josh Fleming,27,139,P,L,L,"6' 2""",220,USA,19,1996-05-18,12,51.2,2,0,4.70,1.45,4.35,19,676596
Chris Flexen,29,115,P,R,R,"6' 3""",219,USA,32,1994-07-01,29,102.1,2,8,6.86,1.67,6.51,38,623167
Dylan Floro,33,146,P,R,L,"6' 2""",203,USA,36,1990-12-27,62,56.2,5,6,4.76,1.54,9.21,17,571670
Jason Foley,28,116,P,R,R,"6' 4""",215,USA,68,1995-11-01,70,69.0,3,3,2.61,1.16,7.17,15,671345
J.P. France,28,117,P,R,R,"6' 0""",216,USA,68,1995-04-04,24,136.1,11,6,3.83,1.36,6.67,47,641585
Bowden Francis,27,141,P,R,R,"6' 5""",220,USA,44,1996-04-22,20,36.1,1,0,1.73,0.83,8.67,8,670102
Kyle Freeland,30,115,P,L,L,"6' 4""",204,USA,21,1993-05-14,29,155.2,6,14,5.03,1.47,5.43,42,607536
Luis Frias,25,109,P,R,R,"6' 3""",245,Dominican Republic,65,1998-05-23,29,31.0,1,0,4.06,1.52,7.55,17,666818
Max Fried,29,144,P,L,L,"6' 4""",190,USA,54,1994-01-18,14,77.2,8,1,2.55,1.13,9.27,18,608331
Shintaro Fujinami,29,110,P,R,R,"6' 6""",180,Japan,14,1994-04-12,64,79.0,7,8,7.18,1.49,9.46,45,660261
Carson Fulmer,30,108,P,R,R,"6' 0""",210,USA,41,1993-12-13,3,10.0,1,1,2.70,1.00,5.40,4,608334
Michael Fulmer,30,112,P,R,R,"6' 3""",224,USA,32,1993-03-15,58,57.0,3,5,4.42,1.33,10.26,28,605242
Kody Funderburk,27,142,P,L,L,"6' 4""",230,USA,55,1996-11-27,11,12.0,2,0,0.75,0.92,14.25,5,681892
Hunter Gaddis,25,114,P,R,R,"6' 6""",260,USA,33,1998-04-09,11,42.0,2,1,4.50,1.31,5.14,14,683769
Matt Gage,30,117,P,L,L,"6' 3""",265,USA,91,1993-02-11,5,6.2,0,0,2.70,1.35,10.80,3,657424
Giovanny Gallegos,32,138,P,R,R,"6' 2""",215,Mexico,65,1991-08-14,56,55.0,2,4,4.42,1.20,9.65,12,606149
Zac Gallen,28,109,P,R,R,"6' 2""",189,USA,23,1995-08-03,34,210.0,17,9,3.47,1.12,9.43,47,668678
Deivi Garcia,24,147,P,R,R,"5' 9""",163,Dominican Republic,83,1999-05-19,8,15.0,0,1,2.40,1.40,6.00,12,665620
Rico Garcia,29,120,P,R,R,"5' 9""",201,USA,,1994-01-10,10,11.2,0,0,9.26,2.14,7.71,6,670329
Luis Garcia,27,117,P,R,R,"5' 11""",244,Venezuela,77,1996-12-13,6,27.0,2,2,4.00,1.30,10.33,10,677651
Luis Garcia,36,135,P,R,R,"6' 2""",240,Dominican Republic,66,1987-01-30,61,59.2,2,3,4.07,1.39,7.99,24,472610
Robert Garcia,27,120,P,L,R,"6' 4""",225,USA,61,1996-06-14,25,32.0,2,2,3.66,1.19,9.28,12,676395
Yimi Garcia,33,141,P,R,R,"6' 1""",230,Dominican Republic,93,1990-08-18,73,66.0,3,4,4.09,1.24,10.77,15,554340
Amir Garrett,31,118,P,L,R,"6' 5""",239,USA,22,1992-05-03,27,24.1,0,1,3.33,1.73,10.36,20,607237
Braxton Garrett,26,146,P,L,R,"6' 2""",202,USA,29,1997-08-05,31,159.2,9,7,3.66,1.15,8.79,29,666129
Reed Garrett,31,121,P,R,R,"6' 2""",195,USA,75,1993-01-02,11,19.2,1,0,6.41,1.47,7.32,7,657585
Justin Garza,29,111,P,R,R,"5' 10""",170,USA,63,1994-03-20,17,18.1,0,2,7.36,1.85,8.35,12,621057
Kevin Gausman,32,141,P,R,L,"6' 2""",205,USA,34,1991-01-06,31,185.0,12,9,3.16,1.18,11.53,55,592332
Domingo German,31,147,P,R,R,"6' 2""",181,Dominican Republic,0,1992-08-04,20,108.2,5,7,4.56,1.08,9.44,34,593334
Ian Gibaut,30,113,P,R,R,"6' 3""",250,USA,79,1993-11-19,74,75.2,8,4,3.33,1.28,8.21,28,664139
Kyle Gibson,36,110,P,R,R,"6' 6""",200,USA,48,1987-10-23,33,192.0,15,9,4.73,1.32,7.36,55,502043
Logan Gilbert,26,136,P,R,R,"6' 6""",215,USA,36,1997-05-05,32,190.2,13,7,3.73,1.08,8.92,36,669302
Tyler Gilbert,30,109,P,L,L,"6' 3""",223,USA,49,1993-12-22,11,17.1,0,2,5.19,1.50,9.87,5,656457
Logan Gillaspie,26,110,P,R,R,"6' 2""",215,USA,71,1997-04-17,11,9.0,0,1,6.00,2.11,8.00,5,670810
Kevin Ginkel,29,109,P,R,L,"6' 4""",235,USA,37,1994-03-24,60,65.1,9,1,2.48,0.98,9.64,23,656464
Lucas Giolito,29,114,P,R,R,"6' 6""",245,USA,27,1994-07-14,33,184.1,8,15,4.88,1.31,9.96,73,608337
Sawyer Gipson-Long,26,116,P,R,R,"6' 4""",225,USA,66,1997-12-12,4,20.0,1,0,2.70,1.10,11.70,8,687830
Mychal Givens,33,110,P,R,R,"6' 0""",250,USA,60,1990-05-13,6,4.0,0,1,11.25,2.50,4.50,6,571710
Tyler Glasnow,30,139,P,R,L,"6' 8""",225,USA,20,1993-08-23,21,120.0,10,7,3.53,1.08,12.15,37,607192
Austin Gomber,30,115,P,L,L,"6' 5""",220,USA,26,1993-11-23,27,139.0,9,9,5.50,1.49,5.63,43,596295
Yoendrys Gomez,24,147,P,R,R,"6' 3""",212,Venezuela,94,1999-10-15,1,2.0,0,0,0.00,0.50,18.00,0,672782
Tony Gonsolin,29,119,P,R,R,"6' 3""",205,USA,26,1994-05-14,20,103.0,8,5,4.98,1.22,7.17,40,664062
Marco Gonzales,31,136,P,L,L,"6' 1""",205,USA,7,1992-02-16,10,50.0,4,1,5.22,1.46,6.12,18,594835
Chi Chi Gonzalez,31,146,P,R,R,"6' 3""",210,USA,17,1992-01-15,3,3.2,0,0,7.36,2.18,7.36,1,592346
Victor Gonzalez,28,119,P,L,L,"6' 0""",180,Mexico,81,1995-11-16,34,33.2,3,3,4.01,1.10,8.02,10,624647
MacKenzie Gore,24,120,P,L,L,"6' 2""",192,USA,1,1999-02-24,27,136.1,7,10,4.42,1.40,9.97,57,669022
Trevor Gott,31,121,P,R,R,"5' 11""",185,USA,33,1992-08-26,64,58.0,0,5,4.19,1.41,9.62,19,641627
Brusdar Graterol,25,119,P,R,R,"6' 1""",265,Venezuela,48,1998-08-26,68,67.1,4,2,1.20,0.97,6.42,12,660813
Kendall Graveman,33,117,P,R,R,"6' 2""",200,USA,31,1990-12-21,68,66.1,5,6,3.12,1.31,8.95,36,608665
Jon Gray,32,140,P,R,R,"6' 4""",225,USA,22,1991-11-05,29,157.1,9,8,4.12,1.29,8.12,54,592351
Josiah Gray,26,120,P,R,R,"6' 1""",210,USA,40,1997-12-21,30,159.0,8,13,3.91,1.46,8.09,80,680686
Sonny Gray,34,142,P,R,R,"5' 10""",195,USA,54,1989-11-07,32,184.0,8,8,2.79,1.15,8.95,55,543243
Chad Green,32,141,P,R,L,"6' 3""",215,USA,37,1991-05-24,12,12.0,3,0,5.25,1.33,12.00,4,643338
Hunter Greene,24,113,P,R,R,"6' 5""",242,USA,21,1999-08-06,22,112.0,4,7,4.82,1.42,12.21,48,668881
Shane Greene,35,112,P,R,R,"6' 4""",200,USA,51,1988-11-17,2,3.0,0,0,0.00,1.33,9.00,2,572888
Zack Greinke,40,118,P,R,R,"6' 2""",200,USA,23,1983-10-21,30,142.1,2,15,5.06,1.27,6.13,23,425844
Michael Grove,27,119,P,R,R,"6' 3""",200,USA,78,1996-12-18,18,69.0,2,3,6.13,1.48,9.52,19,675627
Javy Guerra,28,158,P,R,L,"6' 0""",190,Panama,12,1995-09-25,17,19.1,0,0,6.05,2.02,6.52,22,642770
Josh Hader,29,135,P,L,L,"5' 11""",180,USA,71,1994-04-07,61,56.1,2,3,1.28,1.10,13.58,30,623352
DL Hall,25,110,P,L,L,"6' 2""",210,USA,24,1998-09-19,18,19.1,3,0,3.26,1.19,10.71,5,669084
Ian Hamilton,28,147,P,R,R,"6' 1""",200,USA,71,1995-06-16,39,58.0,3,2,2.64,1.22,10.71,26,641656
Emerson Hancock,24,136,P,R,R,"6' 4""",213,USA,62,1999-05-31,3,12.0,0,0,4.50,1.33,4.50,3,676106
Brad Hand,33,115,P,L,L,"6' 3""",224,USA,55,1990-03-20,60,53.2,5,3,5.53,1.42,9.89,22,543272
Brenan Hanifee,25,116,P,R,R,"6' 5""",215,USA,75,1998-05-29,3,5.0,0,0,5.40,1.60,5.40,0,669724
Hogan Harris,27,133,P,L,R,"6' 3""",230,USA,63,1996-12-26,14,63.0,3,6,7.14,1.51,8.00,28,663687
Hobie Harris,30,120,P,R,R,"6' 3""",212,USA,75,1993-06-23,16,19.1,0,0,5.12,1.76,4.19,13,665048
Kyle Harrison,22,137,P,L,R,"6' 2""",200,USA,45,2001-08-12,7,34.2,1,1,4.15,1.15,9.09,11,690986
Geoff Hartlieb,30,146,P,R,R,"6' 5""",240,USA,41,1993-12-09,2,4.0,0,0,2.25,1.25,6.75,3,664129
Grant Hartwig,26,121,P,R,R,"6' 5""",235,USA,93,1997-12-18,28,35.1,5,2,4.84,1.39,7.64,15,701643
Hunter Harvey,29,120,P,R,R,"6' 3""",239,USA,73,1994-12-09,57,60.2,4,4,2.82,0.94,9.94,13,640451
Thomas Hatch,29,141,P,R,R,"6' 1""",195,USA,31,1994-09-29,18,28.2,1,1,4.08,1.57,8.16,12,641672
Brent Headrick,26,142,P,L,L,"6' 6""",235,USA,53,1997-12-17,14,25.2,3,0,6.31,1.44,10.52,10,687396
Andrew Heaney,32,140,P,L,L,"6' 2""",200,USA,44,1991-06-05,34,147.1,10,6,4.15,1.38,9.22,60,571760
Taylor Hearn,29,118,P,L,L,"6' 6""",230,USA,54,1994-08-30,13,15.0,0,0,11.40,2.07,9.00,8,621368
Jonathan Heasley,26,118,P,R,R,"6' 3""",225,USA,49,1997-01-27,12,15.0,0,0,7.20,1.27,5.40,2,669169
Ben Heller,32,144,P,R,R,"6' 3""",210,USA,71,1991-08-05,19,18.2,0,0,3.86,1.45,7.71,11,621294
Ryan Helsley,29,138,P,R,R,"6' 2""",230,USA,56,1994-07-18,33,36.2,3,4,2.45,1.06,12.76,17,664854
Heath Hembree,34,139,P,R,R,"6' 4""",220,USA,53,1989-01-13,1,1.1,0,0,0.00,0.75,13.50,1,592390
Kyle Hendricks,34,112,P,R,R,"6' 3""",190,USA,28,1989-12-07,24,137.0,6,8,3.74,1.20,6.11,27,543294
Liam Hendriks,34,145,P,R,R,"6' 0""",235,Australia,31,1989-02-10,5,5.0,2,0,5.40,1.00,5.40,1,521230
Tommy Henry,26,109,P,L,L,"6' 3""",205,USA,47,1997-07-29,17,89.0,5,4,4.15,1.36,6.47,35,674072
Sam Hentges,27,114,P,L,L,"6' 6""",245,USA,31,1996-07-18,56,52.1,3,2,3.61,1.36,9.63,18,656529
Jimmy Herget,30,108,P,R,R,"6' 3""",170,USA,46,1993-09-09,29,29.0,2,4,4.66,1.41,8.07,8,623474
Kevin Herget,32,113,P,R,L,"5' 10""",185,USA,57,1991-04-03,14,24.1,1,2,5.18,1.32,4.81,6,643361
Carlos Hernandez,26,118,P,R,R,"6' 4""",255,Venezuela,43,1997-03-11,67,70.0,1,10,5.27,1.33,9.90,31,672578
Daysbel Hernandez,27,144,P,R,R,"5' 10""",220,Cuba,75,1996-09-15,4,3.2,1,0,7.36,2.45,14.73,3,678226
Jonathan Hernandez,27,140,P,R,R,"6' 3""",190,USA,72,1996-07-06,33,31.2,1,2,5.40,1.58,9.66,15,642546
Jose Hernandez,26,134,P,L,L,"6' 3""",205,Dominican Republic,61,1997-12-31,50,50.2,1,3,4.97,1.36,11.01,22,669796
Nick Hernandez,29,135,P,R,R,"6' 1""",212,USA,48,1994-12-30,2,3.0,0,0,12.00,2.33,15.00,4,663321
Tim Herrin,27,114,P,L,L,"6' 6""",230,USA,29,1996-10-08,23,27.2,1,1,5.53,1.48,10.41,12,682120
Jordan Hicks,27,141,P,R,R,"6' 2""",220,USA,12,1996-09-06,65,65.2,3,9,3.29,1.36,11.10,32,663855
Garrett Hill,27,116,P,R,R,"6' 0""",185,USA,50,1996-01-16,9,15.2,0,0,9.19,2.11,8.04,14,682051
Rich Hill,43,135,P,L,L,"6' 5""",220,USA,41,1980-03-11,32,146.1,8,14,5.41,1.52,7.93,58,448179
Tim Hill,33,135,P,L,R,"6' 4""",200,USA,25,1990-02-10,48,44.1,1,4,5.48,1.65,5.28,14,657612
Sean Hjelle,26,137,P,R,R,"6' 11""",228,USA,64,1997-05-07,15,29.0,2,1,6.52,1.76,9.62,13,663546
Bryan Hoeing,27,146,P,R,R,"6' 6""",210,USA,78,1996-10-19,33,70.2,2,3,5.48,1.36,6.75,25,663773
Jeff Hoffman,30,143,P,R,R,"6' 5""",235,USA,68,1993-01-08,54,52.1,5,2,2.41,0.92,11.87,19,656546
Colin Holderman,28,134,P,R,R,"6' 4""",230,USA,35,1995-10-08,58,56.0,0,3,3.86,1.34,9.32,20,670059
Gavin Hollowell,26,115,P,R,R,"6' 7""",215,USA,64,1997-11-04,26,33.2,2,0,5.88,1.46,8.55,18,668970
Clay Holmes,30,147,P,R,R,"6' 5""",245,USA,35,1993-03-27,66,63.0,4,4,2.86,1.17,10.14,23,605280
Tyler Holton,27,116,P,L,L,"6' 2""",200,USA,87,1996-06-13,59,85.1,3,2,2.11,0.87,7.80,18,663947
Brent Honeywell,28,145,P,R,R,"6' 2""",195,USA,46,1995-03-31,40,52.1,2,4,4.82,1.45,7.74,23,641703
Tanner Houck,27,111,P,R,R,"6' 5""",226,USA,89,1996-06-29,21,106.0,6,10,5.01,1.37,8.41,41,656557
Adrian Houser,30,158,P,R,R,"6' 3""",242,USA,37,1993-02-02,23,111.1,8,5,4.12,1.39,7.76,34,605288
Spencer Howard,27,140,P,R,R,"6' 3""",210,USA,36,1996-07-28,3,3.1,0,0,10.80,2.10,5.40,3,675921
Bryan Hudson,26,119,P,L,L,"6' 8""",220,USA,93,1997-05-08,6,8.2,0,0,7.27,1.85,7.27,4,663542
Dakota Hudson,29,138,P,R,R,"6' 5""",215,USA,43,1994-09-15,18,81.1,6,3,4.98,1.50,4.98,34,641712
Daniel Hudson,36,119,P,R,R,"6' 3""",215,USA,41,1987-03-09,3,3.0,0,0,0.00,1.67,15.00,3,543339
Brandon Hughes,28,112,P,L,S,"6' 2""",215,USA,47,1995-12-01,17,13.2,0,3,7.24,1.61,11.20,8,676714
Tommy Hunter,37,121,P,R,R,"6' 3""",250,USA,29,1986-07-03,14,23.2,0,1,6.85,1.39,7.61,5,488984
Kyle Hurt,25,119,P,R,R,"6' 3""",240,USA,63,1998-05-30,1,2.0,0,0,0.00,0.00,13.50,0,669165
Raisel Iglesias,33,144,P,R,R,"6' 2""",190,Cuba,26,1990-01-04,58,55.2,5,4,2.75,1.19,10.99,15,628452
Kolton Ingram,27,108,P,L,L,"5' 9""",170,USA,66,1996-10-21,5,5.1,0,0,8.44,2.44,11.81,5,688427
Cole Irvin,29,110,P,L,L,"6' 4""",225,USA,19,1994-01-31,24,77.1,1,4,4.42,1.28,7.91,21,608344
Jake Irvin,26,120,P,R,R,"6' 6""",227,USA,74,1997-02-18,24,121.0,3,7,4.61,1.42,7.36,54,663623
Andre Jackson,27,119,P,R,R,"6' 3""",210,USA,44,1996-05-01,19,61.1,1,3,4.99,1.21,8.36,22,656578
Luke Jackson,32,137,P,R,R,"6' 2""",210,USA,77,1991-08-24,33,33.1,2,2,2.97,1.23,11.61,15,592426
Jay Jackson,36,141,P,R,R,"6' 1""",195,USA,35,1987-10-27,25,29.2,3,1,2.12,0.91,8.19,9,543351
Zach Jackson,29,133,P,R,R,"6' 4""",230,USA,61,1994-12-25,19,18.0,2,1,2.50,1.56,11.50,10,667427
Alek Jacob,25,135,P,R,L,"6' 3""",190,USA,68,1998-06-16,3,3.0,0,0,0.00,0.33,15.00,1,689690
Joe Jacques,28,111,P,L,L,"6' 4""",210,USA,78,1995-03-11,23,26.2,2,1,5.06,1.58,6.75,10,682175
Drey Jameson,26,109,P,R,R,"6' 0""",165,USA,99,1997-08-17,15,40.2,3,1,3.32,1.43,8.19,18,686753
Kenley Jansen,36,111,P,R,S,"6' 5""",265,Curacao,74,1987-09-30,51,44.2,3,6,3.63,1.28,10.48,17,445276
Bryce Jarvis,26,109,P,R,L,"6' 2""",195,USA,40,1997-12-26,11,23.2,2,1,3.04,0.97,4.56,9,686826
Cristian Javier,26,117,P,R,R,"6' 1""",213,Dominican Republic,53,1997-03-26,31,162.0,10,5,4.56,1.27,8.83,62,664299
Griffin Jax,29,142,P,R,R,"6' 2""",195,USA,22,1994-11-22,71,65.1,6,10,3.86,1.18,9.37,19,643377
Dany Jimenez,30,133,P,R,R,"6' 1""",182,Dominican Republic,56,1993-12-23,25,23.1,0,2,3.47,1.07,8.10,14,666204
Joe Jimenez,28,144,P,R,R,"6' 3""",277,Puerto Rico,77,1995-01-17,59,56.1,0,3,3.04,1.15,11.66,14,641729
Pierce Johnson,32,115,P,R,R,"6' 2""",202,USA,36,1991-05-10,67,62.2,2,6,4.02,1.48,12.93,30,572955
Ben Joyce,23,108,P,R,R,"6' 5""",225,USA,44,2000-09-17,12,10.0,1,1,5.40,1.80,9.00,9,690829
Jakob Junis,31,137,P,R,R,"6' 3""",220,USA,34,1992-09-16,40,86.0,4,3,3.87,1.29,10.05,21,596001
Janson Junk,27,158,P,R,R,"6' 2""",202,USA,56,1996-01-15,2,7.1,0,1,4.91,1.36,6.14,2,676083
Evan Justice,25,115,P,L,L,"6' 4""",205,USA,56,1998-07-07,9,7.1,0,0,8.59,3.00,8.59,8,687145
Tommy Kahnle,34,147,P,R,R,"6' 1""",230,USA,41,1989-08-07,42,40.2,1,3,2.66,1.11,10.62,19,592454
James Kaprielian,29,133,P,R,R,"6' 3""",225,USA,32,1994-03-02,14,61.0,2,6,6.34,1.59,8.41,31,621076
Ricky Karcher,26,113,P,R,R,"6' 4""",230,USA,74,1997-09-18,1,1.0,0,0,0.00,1.00,0.00,1,676689
James Karinchak,28,114,P,R,R,"6' 3""",215,USA,99,1995-09-22,44,39.0,2,5,3.23,1.33,12.00,28,675916
Karl Kauffmann,26,115,P,R,R,"6' 2""",200,USA,51,1997-08-15,11,35.0,2,5,8.23,1.66,4.11,16,666154
Anthony Kay,28,121,P,L,L,"6' 0""",225,USA,64,1995-03-21,16,14.2,0,0,6.14,1.50,6.75,9,641743
Brad Keller,28,118,P,R,R,"6' 5""",255,USA,56,1995-07-27,11,45.1,3,4,4.57,1.92,6.15,45,641745
Mitch Keller,27,134,P,R,R,"6' 3""",220,USA,23,1996-04-04,32,194.1,13,9,4.21,1.25,9.73,55,656605
Trevor Kelley,31,139,P,R,R,"6' 2""",210,USA,44,1992-10-20,10,15.1,0,1,5.87,1.43,6.46,6,665001
Joe Kelly,35,119,P,R,R,"6' 1""",174,USA,17,1988-06-09,42,39.1,2,5,4.12,1.19,13.73,18,523260
Merrill Kelly,35,109,P,R,R,"6' 2""",202,USA,29,1988-10-14,30,177.2,12,8,3.29,1.19,9.47,69,518876
Kevin Kelly,26,139,P,R,R,"6' 2""",200,USA,49,1997-11-28,57,67.0,5,2,3.09,1.01,7.52,15,687330
Michael Kelly,31,114,P,R,R,"6' 4""",185,USA,58,1992-09-06,14,16.2,1,0,3.78,1.32,8.64,9,547184
Zack Kelly,28,111,P,R,R,"6' 3""",231,USA,76,1995-03-03,8,9.1,0,0,3.86,1.61,5.79,8,677161
Brett Kennedy,29,113,P,R,R,"6' 0""",200,USA,66,1994-08-04,5,18.0,1,0,6.50,1.44,4.50,7,664028
Ian Kennedy,39,140,P,R,R,"6' 0""",210,USA,21,1984-12-19,16,16.1,0,1,7.16,1.41,11.57,7,453178
Orion Kerkering,22,143,P,R,R,"6' 2""",204,USA,50,2001-04-04,3,3.0,1,0,3.00,1.67,18.00,2,689147
Ray Kerr,29,135,P,L,L,"6' 3""",185,USA,56,1994-09-10,22,27.0,1,1,4.33,1.26,11.67,9,678061
Clayton Kershaw,35,119,P,L,L,"6' 4""",225,USA,22,1988-03-19,24,131.2,13,5,2.46,1.06,9.36,40,477132
Dallas Keuchel,36,142,P,L,L,"6' 2""",205,USA,60,1988-01-01,10,37.2,2,1,5.97,1.67,5.97,18,572971
Yusei Kikuchi,32,141,P,L,L,"6' 0""",210,Japan,16,1991-06-17,32,167.2,11,6,3.86,1.27,9.72,48,579328
Caleb Kilian,26,112,P,R,R,"6' 4""",180,USA,45,1997-06-02,3,5.1,0,1,16.88,2.81,8.44,2,668873
Craig Kimbrel,35,143,P,R,R,"6' 0""",215,USA,31,1988-05-28,71,69.0,8,6,3.26,1.04,12.26,28,518886
John King,29,140,P,L,L,"6' 2""",215,USA,32,1994-09-14,35,37.1,2,1,3.62,1.47,4.82,10,667463
Michael King,28,147,P,R,R,"6' 3""",210,USA,34,1995-05-25,49,104.2,4,8,2.75,1.15,10.92,32,650633
Tyler Kinley,32,115,P,R,R,"6' 4""",220,USA,40,1991-01-31,18,16.1,0,4,6.06,1.65,9.37,6,641755
George Kirby,25,136,P,R,R,"6' 4""",215,USA,68,1998-02-04,31,190.2,13,10,3.35,1.04,8.12,19,669923
Andrew Kittredge,33,139,P,R,R,"6' 1""",230,USA,36,1990-03-17,14,11.2,2,0,3.09,1.20,7.71,2,552640
Corey Kluber,37,111,P,R,R,"6' 4""",210,USA,28,1986-04-10,15,55.0,3,6,7.04,1.64,6.87,21,446372
Reiss Knehr,27,135,P,R,L,"6' 2""",205,USA,33,1996-11-03,4,5.2,0,1,15.88,2.65,6.35,5,663753
Matt Koch,33,115,P,R,L,"6' 3""",215,USA,54,1990-11-02,39,38.2,3,2,5.12,1.29,6.28,9,571863
Adam Kolarek,34,121,P,L,L,"6' 3""",215,USA,66,1989-01-14,5,6.0,0,0,0.00,0.50,10.50,1,592473
Michael Kopech,27,145,P,R,R,"6' 3""",210,USA,34,1996-04-30,30,129.1,5,12,5.43,1.59,9.32,91,656629
Jackson Kowar,27,118,P,R,R,"6' 5""",200,USA,37,1996-10-04,23,28.0,2,0,6.43,1.93,9.32,20,663804
Joey Krehbiel,31,110,P,R,R,"6' 3""",250,USA,52,1992-12-20,6,5.0,1,0,1.80,0.80,9.00,2,607216
Dean Kremer,27,110,P,R,R,"6' 2""",210,USA,64,1996-01-07,32,172.2,13,5,4.12,1.31,8.18,55,665152
Brooks Kriske,29,118,P,R,R,"6' 3""",205,USA,78,1994-02-03,4,6.2,0,0,4.05,1.05,8.10,4,621139
Matt Krook,29,147,P,L,L,"6' 4""",225,USA,92,1994-10-21,4,4.0,0,0,24.75,3.50,6.75,6,640454
Chad Kuhl,31,120,P,R,R,"6' 3""",207,USA,26,1992-09-10,16,38.1,0,4,8.45,1.96,7.28,28,641771
Joel Kuhnel,28,117,P,R,R,"6' 5""",290,USA,60,1995-02-19,9,13.0,0,0,5.54,1.62,2.08,5,669270
Joe La Sorsa,25,120,P,L,L,"6' 5""",215,USA,53,1998-04-29,25,32.2,1,0,4.41,1.26,7.71,9,686747
Jimmy Lambert,29,145,P,R,R,"6' 2""",190,USA,58,1994-11-18,35,37.2,2,3,5.26,1.62,9.80,20,669424
Peter Lambert,26,115,P,R,R,"6' 2""",208,USA,20,1997-04-18,25,87.1,3,7,5.36,1.39,7.32,28,663567
Dinelson Lamet,31,115,P,R,R,"6' 3""",228,Dominican Republic,32,1992-07-18,17,27.2,1,4,11.71,2.35,10.41,23,659275
Alex Lange,28,116,P,R,R,"6' 3""",202,USA,55,1995-10-02,67,66.0,7,5,3.68,1.33,10.77,45,656638
Jake Latz,27,140,P,L,R,"6' 2""",185,USA,67,1996-04-08,3,6.1,0,0,0.00,0.63,7.11,3,656641
Eric Lauer,28,158,P,L,R,"6' 3""",209,USA,52,1995-06-03,10,46.2,4,6,6.56,1.67,8.29,24,641778
Derek Law,33,113,P,R,R,"6' 3""",225,USA,47,1990-09-14,54,55.0,4,6,3.60,1.38,7.36,26,571882
Casey Lawrence,36,138,P,R,R,"6' 0""",180,USA,72,1987-10-28,15,27.1,1,0,6.59,1.54,6.59,10,596271
Justin Lawrence,29,115,P,R,R,"6' 3""",213,Panama Canal Zone,61,1994-11-25,69,75.0,4,7,3.72,1.35,9.36,36,664875
Kyle Leahy,26,138,P,R,S,"6' 5""",200,USA,64,1997-06-04,3,1.2,0,1,21.60,5.40,10.80,5,681517
Jose Leclerc,30,140,P,R,R,"6' 0""",195,Dominican Republic,25,1993-12-19,57,57.0,0,2,2.68,1.14,10.58,28,600917
Dylan Lee,29,144,P,L,L,"6' 3""",214,USA,52,1994-08-01,24,23.2,1,0,4.18,1.35,9.13,8,669276
Casey Legumina,26,113,P,R,R,"6' 2""",195,USA,65,1997-06-19,11,12.2,1,0,5.68,1.97,7.82,9,668984
Mark Leiter Jr.,32,112,P,R,R,"6' 0""",210,USA,38,1991-03-13,69,64.1,1,3,3.50,1.12,10.77,24,643410
Dominic Leone,32,121,P,R,R,"5' 10""",215,USA,50,1991-10-26,51,54.0,1,3,4.67,1.43,9.00,28,608678
Matthew Liberatore,24,138,P,L,L,"6' 4""",200,USA,52,1999-11-06,22,61.2,3,6,5.25,1.48,6.71,25,669461
Jeff Lindgren,27,146,P,R,R,"6' 1""",200,USA,56,1996-09-17,3,7.0,0,0,5.14,1.14,1.29,4,689167
Zack Littell,28,111,P,R,R,"6' 4""",220,USA,52,1995-10-05,28,90.0,3,6,4.10,1.18,7.40,12,641793
Luke Little,23,112,P,L,L,"6' 8""",220,USA,43,2000-08-30,7,6.2,0,0,0.00,1.35,16.20,4,681432
Ben Lively,31,113,P,R,R,"6' 4""",235,USA,59,1992-03-05,19,88.2,4,7,5.38,1.36,8.02,25,594902
Mauricio Llovera,27,111,P,R,R,"5' 11""",224,Venezuela,68,1996-04-17,30,35.0,2,3,4.89,1.46,7.46,15,661440
Jonathan Loaisiga,29,147,P,R,R,"5' 11""",165,Nicaragua,43,1994-11-02,17,17.2,0,2,3.06,0.85,3.06,1,642528
Nick Lodolo,25,113,P,L,L,"6' 6""",216,USA,40,1998-02-05,7,34.1,2,1,6.29,1.75,12.32,10,666157
Zach Logue,27,116,P,L,L,"6' 0""",165,USA,71,1996-04-23,3,11.0,0,0,7.36,1.36,8.18,2,656657
Sam Long,28,133,P,L,L,"6' 1""",185,USA,66,1995-07-08,40,45.0,0,1,5.60,1.56,6.40,21,669674
Jacob Lopez,25,139,P,L,L,"6' 4""",220,USA,74,1998-03-11,4,12.1,1,0,4.38,1.30,5.84,2,682052
Jorge Lopez,30,110,P,R,R,"6' 3""",200,Puerto Rico,73,1993-02-10,61,59.0,6,2,5.95,1.51,7.47,22,605347
Jose Lopez,24,139,P,L,L,"6' 1""",200,Dominican Republic,,1999-02-15,1,2.0,0,0,4.50,2.00,9.00,1,673111
Pablo Lopez,27,142,P,R,L,"6' 4""",225,Venezuela,49,1996-03-07,32,194.0,11,8,3.66,1.15,10.86,48,641154
Reynaldo Lopez,29,114,P,R,R,"6' 1""",225,Dominican Republic,40,1994-01-04,68,66.0,3,7,3.27,1.27,11.32,34,625643
Michael Lorenzen,31,116,P,R,R,"6' 3""",217,USA,21,1992-01-04,29,153.0,9,9,4.18,1.21,6.53,47,547179
Aaron Loup,36,108,P,L,L,"5' 11""",210,USA,28,1987-12-19,55,48.2,2,3,6.10,1.75,8.32,20,571901
Richard Lovelady,28,133,P,L,L,"6' 0""",185,USA,45,1995-07-07,27,23.1,0,3,4.63,1.07,9.26,10,663992
Easton Lucas,27,133,P,L,L,"6' 4""",180,USA,67,1996-09-23,6,6.2,0,0,8.10,2.10,9.45,4,687922
Joey Lucchesi,30,121,P,L,L,"6' 5""",225,USA,47,1993-06-06,9,46.2,4,0,2.89,1.31,6.17,17,664192
Lucas Luetge,36,144,P,L,L,"6' 4""",205,USA,63,1987-03-24,12,13.2,1,0,7.24,1.76,9.22,7,476595
Seth Lugo,34,135,P,R,R,"6' 4""",225,USA,67,1989-11-17,26,146.1,8,7,3.57,1.20,8.61,36,607625
Jesus Luzardo,26,146,P,L,L,"6' 0""",218,Peru,44,1997-09-30,32,178.2,10,10,3.58,1.21,10.48,55,666200
Jordan Lyles,33,118,P,R,R,"6' 5""",230,USA,24,1990-10-19,31,177.2,6,17,6.28,1.24,6.08,45,543475
Daniel Lynch IV,27,118,P,L,L,"6' 6""",200,USA,52,1996-11-17,9,52.1,3,4,4.64,1.26,5.85,16,663738
Lance Lynn,36,119,P,R,S,"6' 5""",270,USA,35,1987-05-12,32,183.2,13,11,5.73,1.39,9.36,67,458681
Andres Machado,30,120,P,R,R,"6' 1""",232,Venezuela,57,1993-04-22,44,50.0,4,1,5.22,1.32,7.74,13,600921
Kenta Maeda,35,142,P,R,R,"6' 1""",185,Japan,18,1988-04-11,21,104.1,6,8,4.23,1.17,10.09,28,628317
Tyler Mahle,29,142,P,R,R,"6' 3""",210,USA,51,1994-09-29,5,25.2,1,2,3.16,1.05,9.82,5,641816
Sean Manaea,31,137,P,L,R,"6' 5""",245,USA,52,1992-02-01,37,117.2,7,6,4.44,1.24,9.79,42,640455
Matt Manning,25,116,P,R,R,"6' 6""",195,USA,25,1998-01-28,15,78.0,5,4,3.58,1.04,5.77,21,666159
Alek Manoah,25,141,P,R,R,"6' 6""",285,USA,6,1998-01-09,19,87.1,3,9,5.87,1.74,8.14,59,666201
Joe Mantiply,32,109,P,L,R,"6' 4""",219,USA,35,1991-03-01,35,39.0,2,2,4.62,1.13,6.46,9,573009
Ron Marinaccio,28,147,P,R,R,"6' 2""",205,USA,97,1995-07-01,45,47.1,4,5,3.99,1.31,10.65,27,676760
Michael Mariot,35,113,P,R,R,"6' 0""",190,USA,86,1988-10-20,1,2.2,0,0,3.38,1.88,6.75,1,592527
German Marquez,28,115,P,R,R,"6' 1""",230,Venezuela,48,1995-02-22,4,20.0,2,2,4.95,1.10,7.65,3,608566
Alec Marsh,25,118,P,R,R,"6' 2""",220,USA,67,1998-05-14,17,74.1,3,9,5.69,1.56,10.29,39,679525
Jose Marte,27,108,P,R,R,"6' 3""",180,Dominican Republic,68,1996-06-14,10,9.1,0,0,8.68,2.25,6.75,7,665896
Yunior Marte,28,143,P,R,R,"6' 2""",180,Dominican Republic,43,1995-02-02,40,39.1,1,1,5.03,1.63,8.69,17,628708
Chris Martin,37,111,P,R,R,"6' 8""",224,USA,55,1986-06-02,55,51.1,4,1,1.05,1.03,8.06,8,455119
Adrian Martinez,27,133,P,R,R,"6' 2""",215,Mexico,55,1996-12-10,22,55.0,0,2,4.75,1.42,7.69,19,661309
Justin Martinez,22,109,P,R,R,"6' 3""",180,Dominican Republic,63,2001-07-30,10,10.0,0,0,12.60,2.40,12.60,11,679885
Nick Martinez,33,135,P,R,L,"6' 1""",200,USA,21,1990-08-05,63,110.1,6,4,3.43,1.26,8.65,40,607259
Seth Martinez,29,117,P,R,R,"6' 2""",200,USA,61,1994-08-29,35,43.0,2,3,5.23,1.49,9.42,19,661527
Phil Maton,30,117,P,R,R,"6' 2""",206,USA,88,1993-03-25,68,66.0,4,3,3.00,1.12,10.09,25,664208
Steven Matz,32,138,P,L,R,"6' 2""",201,USA,32,1991-05-29,25,105.0,4,7,3.86,1.33,8.40,32,571927
Dustin May,26,119,P,R,R,"6' 6""",180,USA,85,1997-09-06,9,48.0,4,1,2.63,0.94,6.38,16,669160
Trevor May,34,133,P,R,R,"6' 5""",240,USA,65,1989-09-23,49,46.2,4,4,3.28,1.37,7.71,29,543507
Mike Mayers,32,118,P,R,R,"6' 2""",220,USA,21,1991-12-06,6,26.1,1,2,6.15,1.67,5.81,10,594577
Tim Mayza,31,141,P,L,L,"6' 3""",215,USA,58,1992-01-15,69,53.1,3,1,1.52,1.22,8.94,15,641835
Zach McAllister,36,147,P,R,R,"6' 6""",240,USA,29,1987-12-08,7,5.1,0,0,10.13,2.06,8.44,2,502083
James McArthur,27,118,P,R,R,"6' 7""",230,USA,66,1996-12-11,18,23.1,1,0,4.63,0.94,8.87,2,663704
Darren McCaughan,27,136,P,R,R,"6' 1""",200,USA,26,1996-03-18,3,5.0,0,0,5.40,2.00,18.00,3,670766
Shane McClanahan,26,139,P,L,L,"6' 1""",200,USA,18,1997-04-28,21,115.0,11,2,3.29,1.18,9.47,41,663556
T.J. McFarland,34,121,P,L,L,"6' 3""",200,USA,44,1989-06-08,3,1.2,0,1,5.40,3.00,10.80,1,519008
Easton McGee,26,136,P,R,R,"6' 6""",205,USA,59,1997-12-26,1,6.2,0,0,0.00,0.30,2.70,1,668834
Scott McGough,34,109,P,R,R,"5' 11""",190,USA,30,1989-10-31,63,70.1,2,7,4.73,1.28,11.00,30,543518
Collin McHugh,36,144,P,R,R,"6' 2""",191,USA,32,1987-06-19,41,58.2,4,1,4.30,1.57,7.21,22,543521
Triston McKenzie,26,114,P,R,R,"6' 5""",165,USA,24,1997-08-02,4,16.0,0,3,5.06,1.56,9.00,13,663474
John McMillon,25,118,P,R,L,"6' 3""",230,USA,58,1998-01-27,4,4.0,0,0,2.25,0.25,18.00,0,669111
John Means,30,110,P,L,L,"6' 4""",230,USA,47,1993-04-24,4,23.2,1,2,2.66,0.72,3.80,4,607644
Nick Mears,27,115,P,R,R,"6' 2""",200,USA,46,1996-10-07,16,19.1,0,1,3.72,1.45,9.78,14,683232
Victor Mederos,22,108,P,R,R,"6' 2""",227,Cuba,62,2001-06-08,3,3.0,0,0,9.00,2.67,9.00,3,682989
Luis Medina,24,133,P,R,R,"6' 1""",175,Dominican Republic,46,1999-05-03,23,109.2,3,10,5.42,1.51,8.70,57,665622
Trevor Megill,30,158,P,R,L,"6' 8""",250,USA,29,1993-12-05,31,34.2,1,0,3.63,1.36,13.50,12,656730
Tylor Megill,28,121,P,R,R,"6' 7""",230,USA,38,1995-07-28,25,126.1,9,8,4.70,1.58,7.48,58,656731
J.C. Mejia,27,158,P,R,R,"6' 6""",250,Dominican Republic,36,1996-08-26,9,11.1,1,0,5.56,1.59,10.32,3,650496
Julian Merryweather,32,112,P,R,R,"6' 4""",215,USA,66,1991-10-14,69,72.0,5,1,3.38,1.31,12.25,36,657240
Keynan Middleton,30,147,P,R,R,"6' 3""",215,USA,93,1993-09-12,51,50.2,2,2,3.38,1.24,11.37,23,641871
Miles Mikolas,35,138,P,R,R,"6' 4""",230,USA,39,1988-08-23,35,201.1,9,13,4.78,1.32,6.12,39,571945
Wade Miley,37,158,P,L,L,"6' 1""",220,USA,20,1986-11-13,23,120.1,9,4,3.14,1.14,5.91,38,489119
Bryce Miller,25,136,P,R,R,"6' 2""",200,USA,50,1998-08-23,25,131.1,8,7,4.32,1.14,8.15,26,682243
Mason Miller,25,133,P,R,R,"6' 5""",200,USA,57,1998-08-24,10,33.1,0,3,3.78,1.20,10.26,16,695243
Bobby Miller,24,119,P,R,L,"6' 5""",220,USA,70,1999-04-05,22,124.1,11,4,3.76,1.10,8.61,32,676272
Shelby Miller,33,119,P,R,R,"6' 3""",225,USA,18,1990-10-10,36,42.0,3,0,1.71,0.90,9.00,19,571946
Tyson Miller,28,121,P,R,R,"6' 5""",220,USA,67,1995-07-29,10,15.1,1,0,4.70,1.24,5.87,6,668338
Alec Mills,32,113,P,R,R,"6' 4""",205,USA,50,1991-11-30,1,1.0,0,0,18.00,5.00,0.00,1,621219
Hoby Milner,32,158,P,L,L,"6' 3""",184,USA,55,1991-01-13,73,64.1,2,1,1.82,0.96,8.25,13,571948
Tommy Milone,36,136,P,L,L,"6' 0""",215,USA,53,1987-02-16,2,9.0,0,1,2.00,1.44,3.00,6,543548
A.J. Minter,30,144,P,L,L,"6' 0""",215,USA,33,1993-09-02,70,64.2,3,6,3.76,1.19,11.41,21,621345
Anthony Misiewicz,29,116,P,L,R,"6' 1""",196,USA,65,1994-11-01,11,11.0,2,0,7.36,2.09,6.55,6,664948
Carmen Mlodzinski,24,134,P,R,R,"6' 2""",220,USA,50,1999-02-19,35,36.0,3,3,2.25,1.28,8.50,18,669387
Sam Moll,31,113,P,L,L,"5' 9""",190,USA,50,1992-01-03,70,62.1,2,3,3.03,1.24,9.82,30,594580
Frankie Montas,30,147,P,R,R,"6' 2""",255,Dominican Republic,47,1993-03-21,1,1.1,1,0,0.00,2.25,6.75,1,593423
Rafael Montero,33,117,P,R,R,"6' 0""",190,Dominican Republic,47,1990-10-17,68,67.1,3,3,5.08,1.53,10.56,29,606160
Jordan Montgomery,31,140,P,L,L,"6' 6""",228,USA,52,1992-12-27,32,188.2,10,11,3.20,1.19,7.92,48,656756
Matt Moore,34,114,P,L,L,"6' 3""",210,USA,55,1989-06-18,50,52.2,5,1,2.56,1.16,10.25,15,519043
McKinley Moore,25,143,P,R,R,"6' 6""",225,USA,79,1998-08-24,3,3.1,0,0,18.90,3.00,5.40,5,686842
Jovani Moran,26,142,P,L,L,"6' 1""",167,Puerto Rico,71,1997-04-24,43,42.1,2,2,5.31,1.46,10.20,27,663558
Adrian Morejon,24,135,P,L,L,"5' 11""",224,Cuba,50,1999-02-27,8,9.0,0,0,7.00,2.11,8.00,5,670970
Dauri Moreta,27,134,P,R,R,"6' 2""",185,Dominican Republic,36,1996-04-15,55,58.0,5,2,3.72,1.09,11.79,24,664294
Eli Morgan,27,114,P,R,R,"5' 10""",190,USA,49,1996-05-13,61,67.1,5,2,4.01,1.44,10.02,24,669212
Reyes Moronta,30,108,P,R,R,"5' 10""",265,Dominican Republic,52,1993-01-06,2,1.1,0,0,6.75,5.25,13.50,3,606625
Cody Morris,27,114,P,R,R,"6' 4""",205,USA,36,1996-11-04,6,8.0,0,0,6.75,2.00,10.13,6,663752
Charlie Morton,40,144,P,R,R,"6' 5""",215,USA,50,1983-11-12,30,163.1,14,12,3.64,1.43,10.08,83,450203
Zach Muckenhirn,28,121,P,L,L,"6' 0""",205,USA,71,1995-02-27,3,6.0,0,0,6.00,2.17,4.50,2,669105
Kyle Muller,26,133,P,L,R,"6' 7""",250,USA,39,1997-10-07,21,77.0,1,5,7.60,1.96,6.55,39,666205
Andres Munoz,24,136,P,R,R,"6' 2""",222,Mexico,75,1999-01-16,52,49.0,4,7,2.94,1.27,12.31,22,662253
Penn Murfee,29,136,P,R,R,"6' 2""",195,USA,56,1994-05-02,16,14.0,1,2,1.29,1.07,10.29,10,682171
Chris Murphy,25,111,P,L,L,"6' 1""",186,USA,72,1998-06-05,20,47.2,1,2,4.91,1.41,9.25,17,669684
Joe Musgrove,31,135,P,R,R,"6' 5""",230,USA,44,1992-12-04,17,97.1,10,3,3.05,1.14,8.97,21,605397
Parker Mushinski,28,117,P,L,L,"6' 0""",218,USA,67,1995-11-22,14,14.2,0,0,5.52,1.57,9.20,4,656786
James Naile,30,138,P,R,R,"6' 4""",185,USA,68,1993-02-08,10,15.1,0,0,8.80,2.35,4.11,9,664942
Andrew Nardi,25,146,P,L,L,"6' 3""",215,USA,43,1998-08-18,63,57.1,8,1,2.67,1.15,11.46,21,677053
Packy Naughton,27,138,P,L,R,"6' 2""",195,USA,70,1996-04-16,4,5.0,0,0,0.00,0.60,9.00,1,676050
Edgar Navarro,25,145,P,R,R,"6' 1""",180,Venezuela,66,1998-02-05,8,8.2,0,0,7.27,1.50,9.35,2,679346
Zach Neal,35,133,P,R,R,"6' 3""",220,USA,31,1988-11-09,14,27.0,1,1,6.67,1.63,8.33,14,594943
Kyle Nelson,27,109,P,L,L,"6' 1""",175,USA,24,1996-07-08,68,56.0,7,4,4.18,1.30,10.77,14,669459
Nick Nelson,28,143,P,R,R,"6' 1""",205,USA,57,1995-12-05,1,5.1,1,0,1.69,0.75,5.06,2,656793
Ryne Nelson,25,109,P,R,R,"6' 3""",184,USA,19,1998-02-01,29,144.0,8,8,5.31,1.42,6.00,46,669194
Hector Neris,34,117,P,R,R,"6' 2""",227,Dominican Republic,50,1989-06-14,71,68.1,6,3,1.71,1.05,10.14,31,593576
Sean Newcomb,30,133,P,L,L,"6' 5""",255,USA,16,1993-06-12,7,15.0,1,1,3.00,1.13,10.20,9,656794
Kyle Nicolas,24,134,P,R,R,"6' 4""",223,USA,62,1999-02-22,4,5.1,0,0,11.81,2.06,11.81,4,693312
Vinny Nittoli,33,121,P,R,R,"6' 1""",210,USA,68,1990-11-11,3,3.2,0,0,2.45,1.09,7.36,0,657697
Stephen Nogosek,28,121,P,R,R,"6' 2""",205,USA,85,1995-01-11,13,25.2,0,1,5.61,1.64,8.77,14,668665
Aaron Nola,30,143,P,R,R,"6' 2""",200,USA,27,1993-06-04,32,193.2,12,9,4.46,1.15,9.39,45,605400
Sean Nolin,34,146,P,L,L,"6' 4""",250,USA,59,1989-12-26,1,3.0,0,0,18.00,3.00,6.00,2,543594
Daniel Norris,30,114,P,L,L,"6' 2""",207,USA,53,1993-04-25,7,12.2,0,0,5.68,1.74,7.82,12,596057
Bailey Ober,28,142,P,R,R,"6' 9""",260,USA,17,1995-07-12,26,144.1,8,6,3.43,1.07,9.10,29,641927
Steven Okert,32,146,P,L,L,"6' 2""",202,USA,48,1991-07-09,64,58.2,3,2,4.45,1.26,11.20,24,595345
Adam Oller,29,133,P,R,R,"6' 4""",225,USA,36,1994-10-17,9,19.2,1,1,10.07,2.08,5.95,12,670124
Reese Olson,24,116,P,R,R,"6' 1""",160,USA,45,1999-07-31,21,103.2,5,7,3.99,1.12,8.94,33,681857
Kaleb Ort,31,111,P,R,R,"6' 4""",248,USA,61,1992-02-05,21,23.0,1,2,6.26,1.57,9.39,9,672391
Oliver Ortega,27,142,P,R,R,"6' 0""",165,Dominican Republic,62,1996-10-02,10,14.2,0,1,4.30,1.23,8.59,7,661383
Luis F. Ortiz,28,143,P,R,R,"6' 3""",230,USA,56,1995-09-22,14,19.0,0,0,3.32,1.47,7.58,5,656814
Luis L. Ortiz,24,134,P,R,R,"6' 2""",235,Dominican Republic,48,1999-01-27,18,86.2,5,5,4.78,1.70,6.13,48,682847
Adam Ottavino,38,121,P,R,S,"6' 5""",246,USA,0,1985-11-22,66,61.2,1,7,3.21,1.22,9.05,29,493603
Glenn Otto,27,140,P,R,R,"6' 3""",240,USA,49,1996-03-11,6,10.2,0,0,10.13,1.88,9.28,6,657248
Connor Overton,30,113,P,R,L,"6' 0""",205,USA,71,1993-07-24,3,11.0,0,1,11.45,2.36,7.36,7,656818
Johan Oviedo,25,134,P,R,R,"6' 5""",245,Cuba,24,1998-03-02,32,177.2,9,14,4.31,1.37,8.00,83,670912
Chris Paddack,27,142,P,R,R,"6' 5""",217,USA,20,1996-01-08,2,5.0,1,0,5.40,1.40,14.40,1,663978
Nicholas Padilla,27,145,P,R,R,"6' 2""",220,USA,61,1996-12-24,3,4.2,0,1,5.79,2.14,11.57,1,656820
Emilio Pagan,32,142,P,R,L,"6' 2""",208,USA,15,1991-05-07,66,69.1,5,2,2.99,0.95,8.44,21,641941
Daniel Palencia,23,112,P,R,R,"5' 11""",160,Venezuela,48,2000-02-05,27,28.1,5,3,4.45,1.27,10.48,14,694037
Andre Pallante,25,138,P,R,R,"6' 0""",203,USA,53,1998-09-18,62,68.0,4,1,4.76,1.56,5.69,30,669467
Thomas Pannone,29,158,P,L,L,"6' 0""",209,USA,45,1994-04-28,1,2.2,0,0,6.75,2.25,13.50,1,623381
Wes Parsons,31,141,P,R,R,"6' 5""",206,USA,46,1992-09-06,1,4.0,0,1,20.25,3.25,6.75,3,641149
Luis Patino,24,145,P,R,R,"6' 1""",192,Colombia,77,1999-10-26,9,21.2,0,1,4.57,1.62,7.48,14,672715
Spencer Patton,35,133,P,R,R,"6' 1""",200,USA,19,1988-02-20,12,12.1,0,0,5.11,1.54,5.11,6,607359
James Paxton,35,111,P,L,L,"6' 4""",212,Canada,65,1988-11-06,19,96.0,7,5,4.50,1.31,9.47,33,572020
Joel Payamps,29,158,P,R,R,"6' 2""",217,Dominican Republic,31,1994-04-07,69,70.2,7,5,2.55,1.05,9.81,17,606303
Nate Pearson,27,141,P,R,R,"6' 6""",255,USA,24,1996-08-20,35,42.2,5,2,4.85,1.27,9.07,18,663878
Elvis Peguero,26,158,P,R,R,"6' 5""",237,Dominican Republic,59,1997-03-20,59,61.1,4,5,3.38,1.22,7.92,26,665625
Ryan Pepiot,26,119,P,R,R,"6' 3""",215,USA,47,1997-08-21,8,42.0,2,1,2.14,0.76,8.14,5,686752
Freddy Peralta,27,158,P,R,R,"6' 0""",196,Dominican Republic,51,1996-06-04,30,165.2,12,10,3.86,1.12,11.41,54,642547
Sammy Peralta,25,145,P,L,L,"6' 2""",205,USA,67,1998-05-10,16,20.0,2,0,4.05,1.50,8.10,11,671111
Wandy Peralta,32,147,P,L,L,"6' 0""",227,Dominican Republic,58,1991-07-27,63,54.0,4,2,2.83,1.22,8.50,30,593974
Angel Perdomo,29,134,P,L,L,"6' 8""",265,Dominican Republic,68,1994-05-07,30,29.0,3,2,3.72,1.10,13.66,11,622780
Cionel Perez,27,110,P,L,R,"6' 0""",175,Cuba,58,1996-04-21,65,53.1,4,2,3.54,1.56,7.43,27,672335
Eury Perez,20,146,P,R,R,"6' 8""",220,Dominican Republic,39,2003-04-15,19,91.1,5,6,3.15,1.13,10.64,31,691587
Francisco Perez,26,133,P,L,S,"6' 2""",227,Dominican Republic,60,1997-07-20,17,16.2,1,2,5.94,1.50,7.56,8,660906
Hector Perez,27,139,P,R,R,"6' 3""",223,Dominican Republic,67,1996-06-06,1,0.1,0,0,27.00,12.00,0.00,1,660431
Martin Perez,32,140,P,L,L,"6' 0""",200,Venezuela,54,1991-04-04,35,141.2,10,4,4.45,1.40,5.91,49,527048
David Peterson,28,121,P,L,L,"6' 6""",240,USA,23,1995-09-03,27,111.0,3,8,5.03,1.57,10.38,50,656849
Brandon Pfaadt,25,109,P,R,R,"6' 4""",220,USA,32,1998-10-15,19,96.0,3,9,5.72,1.41,8.81,26,694297
Connor Phillips,22,113,P,R,R,"6' 2""",209,USA,34,2001-05-04,5,20.2,1,1,6.97,1.50,11.32,13,683175
Evan Phillips,29,119,P,R,R,"6' 2""",215,USA,59,1994-09-11,62,61.1,2,4,2.05,0.83,9.68,13,623465
Konnor Pilkington,26,114,P,L,L,"6' 3""",240,USA,45,1997-09-12,1,2.0,0,0,0.00,1.00,9.00,1,663455
Riley Pint,26,115,P,R,R,"6' 5""",225,USA,41,1997-11-06,1,0.1,0,0,27.00,12.00,0.00,3,666207
Nick Pivetta,30,111,P,R,R,"6' 5""",210,Canada,37,1993-02-14,38,142.2,10,9,4.04,1.12,11.54,50,601713
Michael Plassmeyer,27,143,P,L,L,"6' 2""",197,USA,49,1996-11-05,1,3.2,0,1,22.09,2.18,9.82,0,674681
Zach Plesac,28,114,P,R,R,"6' 3""",220,USA,34,1995-01-21,5,21.1,1,1,7.59,1.97,5.91,5,668676
Colin Poche,29,139,P,L,L,"6' 3""",225,USA,38,1994-01-17,66,60.2,12,3,2.23,1.09,9.05,24,621363
Zach Pop,27,141,P,R,R,"6' 4""",220,Canada,56,1996-09-20,15,13.2,1,1,6.59,1.24,9.22,6,647315
Ryan Pressly,35,117,P,R,R,"6' 2""",206,USA,55,1988-12-15,65,65.1,4,5,3.58,1.07,10.19,16,519151
Quinn Priester,23,134,P,R,R,"6' 3""",210,USA,64,2000-09-16,10,50.0,3,3,7.74,1.70,6.48,27,682990
Austin Pruitt,34,133,P,R,R,"5' 10""",185,USA,29,1989-08-31,38,48.1,2,6,2.98,1.16,5.59,12,643493
A.J. Puk,28,146,P,L,L,"6' 7""",248,USA,35,1995-04-25,58,56.2,7,5,3.97,1.18,12.39,13,640462
Cal Quantrill,28,114,P,R,L,"6' 3""",195,Canada,47,1995-02-10,19,99.2,4,7,5.24,1.46,5.24,35,615698
Johan Quezada,29,146,P,R,R,"6' 9""",255,Dominican Republic,68,1994-08-25,1,0.2,0,0,40.50,9.00,0.00,5,629498
Jose Quijada,28,108,P,L,L,"5' 11""",215,Venezuela,65,1995-11-09,10,9.0,0,1,6.00,1.22,8.00,3,650671
Jose Quintana,34,121,P,L,R,"6' 1""",220,Colombia,62,1989-01-24,13,75.2,3,6,3.57,1.31,7.14,24,500779
Cole Ragans,26,118,P,L,L,"6' 4""",190,USA,55,1997-12-12,29,96.0,7,5,3.47,1.16,10.59,41,666142
Tanner Rainey,31,120,P,R,R,"6' 2""",250,USA,21,1992-12-25,1,1.0,0,0,0.00,2.00,9.00,1,663432
Brooks Raley,35,121,P,L,L,"6' 3""",200,USA,25,1988-06-29,66,54.2,1,2,2.80,1.26,10.04,25,548384
Erasmo Ramirez,33,120,P,R,R,"6' 0""",220,Nicaragua,61,1990-05-02,38,60.1,3,3,6.41,1.57,6.41,13,541640
Nick Ramirez,34,147,P,L,L,"6' 4""",232,USA,63,1989-08-01,32,40.2,1,2,2.66,1.23,6.20,9,598286
Yohan Ramirez,28,145,P,R,R,"6' 4""",212,Dominican Republic,48,1995-05-06,31,38.1,1,0,4.23,1.46,8.22,17,670990
Lane Ramsey,27,145,P,R,R,"6' 9""",245,USA,68,1996-07-16,21,20.0,1,0,5.85,1.70,8.10,9,682010
Drew Rasmussen,28,139,P,R,R,"6' 1""",211,USA,57,1995-07-27,8,44.2,4,2,2.62,1.05,9.47,11,656876
Robbie Ray,32,136,P,L,L,"6' 2""",225,USA,38,1991-10-01,1,3.1,0,1,8.10,2.70,8.10,5,592662
Colin Rea,33,158,P,R,R,"6' 5""",218,USA,48,1990-07-01,26,124.2,6,6,4.55,1.19,7.94,38,607067
Jake Reed,31,119,P,R,R,"6' 2""",195,USA,46,1992-09-29,1,0.2,0,0,81.00,9.00,13.50,1,596082
Sean Reid-Foley,28,121,P,R,R,"6' 3""",230,USA,71,1995-08-30,8,7.2,0,1,3.52,1.30,18.78,6,656887
Denyi Reyes,27,121,P,R,R,"6' 4""",255,Dominican Republic,72,1996-11-02,9,19.2,0,2,7.78,1.68,7.78,8,660593
Gerardo Reyes,30,108,P,R,R,"5' 11""",195,Mexico,99,1993-05-13,8,9.2,0,0,7.45,1.76,9.31,6,622103
Trevor Richards,30,141,P,R,R,"6' 2""",205,USA,33,1993-05-15,56,72.2,2,1,4.95,1.35,13.00,35,670950
Lyon Richardson,23,113,P,R,S,"6' 2""",207,USA,72,2000-01-18,4,16.2,0,2,8.64,1.92,6.48,15,680689
Yacksel Rios,30,133,P,R,R,"6' 3""",215,Puerto Rico,40,1993-06-27,3,1.2,0,0,37.80,5.40,10.80,6,605441
David Robertson,38,121,P,R,R,"5' 11""",195,USA,30,1985-04-09,62,65.1,6,6,3.03,1.19,10.74,25,502085
Nick Robertson,25,119,P,R,R,"6' 6""",265,USA,75,1998-07-16,18,22.1,0,1,6.04,1.75,10.48,9,687798
Carlos Rodon,31,147,P,L,L,"6' 2""",255,USA,55,1992-12-10,14,64.1,3,8,6.85,1.45,8.95,28,607074
Eduardo Rodriguez,30,116,P,L,L,"6' 2""",231,Venezuela,57,1993-04-07,26,152.2,13,9,3.30,1.15,8.43,48,593958
Elvin Rodriguez,25,139,P,R,R,"6' 3""",160,Dominican Republic,88,1998-03-31,1,3.1,0,0,0.00,0.00,13.50,0,660730
Grayson Rodriguez,24,110,P,R,L,"6' 5""",230,USA,30,1999-11-16,23,122.0,7,4,4.35,1.34,9.52,42,680570
Dereck Rodriguez,31,144,P,R,R,"6' 0""",208,USA,59,1992-06-05,4,5.1,0,0,15.19,2.63,1.69,5,605446
Joely Rodriguez,32,111,P,L,L,"6' 1""",223,Dominican Republic,57,1991-11-14,11,11.0,0,0,6.55,1.73,11.45,6,570257
Jose Rodriguez,28,136,P,R,R,"6' 2""",175,Venezuela,54,1995-08-29,1,3.0,0,0,9.00,1.33,3.00,1,642578
Yerry Rodriguez,26,140,P,R,R,"6' 2""",198,Dominican Republic,57,1997-10-15,13,13.2,0,1,7.90,1.90,9.88,6,666720
Taylor Rogers,33,137,P,L,L,"6' 3""",190,USA,33,1990-12-17,60,51.2,6,4,3.83,1.24,11.15,25,573124
Trevor Rogers,26,146,P,L,L,"6' 5""",217,USA,28,1997-11-13,4,18.0,1,2,4.00,1.22,9.50,6,669432
Tyler Rogers,33,137,P,R,R,"6' 3""",181,USA,71,1990-12-17,68,74.0,4,5,3.04,1.15,7.30,19,643511
Drew Rom,24,138,P,L,L,"6' 2""",215,USA,38,1999-12-15,8,33.2,1,4,8.02,2.08,8.55,19,680723
Jordan Romano,30,141,P,R,R,"6' 5""",210,Canada,68,1993-04-21,59,59.0,5,7,2.90,1.22,10.98,24,605447
JoJo Romero,27,138,P,L,L,"5' 11""",200,USA,59,1996-09-09,27,36.2,4,2,3.68,1.06,10.31,10,668941
Kenny Rosenberg,28,108,P,L,L,"6' 1""",195,USA,78,1995-07-09,7,33.0,2,2,3.82,1.48,7.91,14,670046
Drew Rucinski,35,133,P,R,R,"6' 2""",190,USA,47,1988-12-30,4,18.0,0,4,9.00,2.28,3.00,14,607968
Michael Rucker,29,112,P,R,R,"6' 1""",195,USA,59,1994-04-27,35,40.1,2,1,4.91,1.44,8.93,19,621074
Jose Ruiz,29,109,P,R,R,"6' 1""",245,Venezuela,66,1994-10-21,38,44.1,2,1,5.89,1.65,7.92,21,614179
Jackson Rutledge,24,120,P,R,R,"6' 8""",251,USA,79,1999-04-01,4,20.0,1,1,6.75,1.50,5.40,6,671131
Joe Ryan,27,142,P,R,R,"6' 2""",205,USA,41,1996-06-05,29,161.2,11,10,4.51,1.17,10.97,34,657746
Ryder Ryan,28,136,P,R,R,"6' 2""",205,USA,77,1995-05-11,1,1.0,0,0,0.00,1.00,18.00,1,656924
Hyun Jin Ryu,36,141,P,L,R,"6' 3""",250,Republic of Korea,99,1987-03-25,11,52.0,3,3,3.46,1.29,6.58,14,547943
Andrew Saalfrank,26,109,P,L,L,"6' 3""",205,USA,57,1997-08-18,10,10.1,0,0,0.00,1.06,5.23,4,685314
Eduardo Salazar,25,113,P,R,R,"6' 2""",177,Venezuela,81,1998-05-05,8,12.1,1,0,8.03,1.70,3.65,5,674285
Chris Sale,34,111,P,L,L,"6' 6""",180,USA,41,1989-03-30,20,102.2,6,5,4.30,1.13,10.96,29,519242
Cristopher Sanchez,27,143,P,L,L,"6' 1""",165,Dominican Republic,61,1996-12-12,19,99.1,3,5,3.44,1.05,8.70,16,650911
Nick Sandlin,26,114,P,R,R,"5' 11""",175,USA,52,1997-01-10,61,60.0,5,5,3.75,1.03,9.90,24,680704
Patrick Sandoval,27,108,P,L,L,"6' 3""",190,USA,43,1996-10-18,28,144.2,7,13,4.11,1.51,7.96,74,663776
Cole Sands,26,142,P,R,R,"6' 3""",215,USA,77,1997-07-17,15,21.2,0,0,3.74,1.52,8.72,13,663485
Reiver Sanmartin,27,113,P,L,L,"6' 2""",160,Colombia,52,1996-04-15,14,14.0,1,0,7.07,1.93,8.36,10,665665
Dennis Santana,27,121,P,R,R,"6' 2""",190,Dominican Republic,65,1996-04-12,9,10.2,1,0,5.91,1.59,10.13,7,642701
Tony Santillan,26,113,P,R,R,"6' 3""",285,USA,64,1997-04-15,3,3.1,1,0,2.70,2.70,2.70,5,663574
Gregory Santos,24,145,P,R,R,"6' 2""",190,Dominican Republic,60,1999-08-28,60,66.1,2,2,3.39,1.30,8.95,17,666619
Tayler Saucedo,30,136,P,L,L,"6' 4""",205,USA,60,1993-06-18,52,47.2,3,2,3.59,1.34,8.12,23,642048
Josh Sborz,30,140,P,R,R,"6' 3""",215,USA,66,1993-12-17,44,52.1,6,7,5.50,1.15,11.35,17,622250
Max Scherzer,39,121,P,R,R,"6' 3""",208,USA,21,1984-07-27,27,152.2,13,6,3.77,1.12,10.26,45,453286
Clarke Schmidt,27,147,P,R,R,"6' 1""",200,USA,36,1996-02-20,33,159.0,9,9,4.64,1.35,8.43,46,657376
Jesse Scholtens,29,145,P,R,R,"6' 4""",230,USA,62,1994-04-06,26,85.0,1,9,5.29,1.53,6.14,30,669947
John Schreiber,29,111,P,R,R,"6' 2""",224,USA,46,1994-03-05,46,46.2,2,1,3.86,1.41,10.22,25,670167
Tanner Scott,29,146,P,L,R,"6' 0""",235,USA,66,1994-07-22,74,78.0,9,5,2.31,0.99,12.00,24,656945
Tayler Scott,31,119,P,R,R,"6' 3""",185,South Africa,61,1992-06-01,18,17.2,0,0,5.60,1.87,8.66,10,605463
Connor Seabold,27,115,P,R,R,"6' 2""",190,USA,43,1996-01-24,27,87.1,1,7,7.52,1.65,6.90,28,657756
JP Sears,27,133,P,L,R,"5' 11""",180,USA,38,1996-02-19,32,172.1,5,14,4.54,1.26,8.41,53,676664
Colin Selby,26,134,P,R,R,"6' 2""",220,USA,52,1997-10-24,21,24.0,2,2,9.00,1.83,11.25,15,681882
Kodai Senga,30,121,P,R,L,"6' 1""",202,Japan,34,1993-01-30,29,166.1,12,7,2.98,1.22,10.93,77,673540
Antonio Senzatela,28,115,P,R,R,"6' 1""",236,Venezuela,49,1995-01-21,2,7.2,0,1,4.70,1.17,4.70,2,622608
Luis Severino,29,147,P,R,R,"6' 2""",218,Dominican Republic,40,1994-02-20,19,89.1,4,8,6.65,1.65,7.96,34,622663
Paul Sewald,33,109,P,R,R,"6' 3""",219,USA,38,1990-05-26,65,60.2,3,2,3.12,1.15,11.87,24,623149
Bryan Shaw,36,145,P,R,S,"6' 1""",226,USA,41,1987-11-08,38,45.2,0,0,4.14,1.23,7.88,17,543766
Emmet Sheehan,24,119,P,R,R,"6' 5""",220,USA,80,1999-11-15,13,60.1,4,1,4.92,1.19,9.55,26,686218
Ryan Sherriff,33,111,P,L,L,"6' 1""",187,USA,71,1990-05-25,5,6.2,0,0,2.70,1.20,6.75,2,595411
Chasen Shreve,33,116,P,L,L,"6' 4""",180,USA,36,1990-07-12,50,44.2,1,2,4.63,1.34,9.07,14,592741
Jared Shuster,25,144,P,L,L,"6' 3""",210,USA,65,1998-08-03,11,52.2,4,3,5.81,1.50,5.13,26,694363
Chase Silseth,23,108,P,R,R,"6' 0""",217,USA,63,2000-05-18,16,52.1,4,1,3.96,1.28,9.63,26,681217
Lucas Sims,29,113,P,R,R,"6' 2""",213,USA,39,1994-05-10,67,61.0,7,3,3.10,1.18,10.62,39,608371
Brady Singer,27,118,P,R,R,"6' 5""",215,USA,51,1996-08-04,29,159.2,8,11,5.52,1.45,7.50,49,663903
Tarik Skubal,27,116,P,L,R,"6' 3""",240,USA,29,1996-11-20,15,80.1,7,3,2.80,0.90,11.43,14,669373
Ethan Small,26,158,P,L,L,"6' 2""",200,USA,43,1997-02-14,2,4.0,0,0,11.25,2.75,13.50,2,663629
Devin Smeltzer,28,146,P,L,R,"6' 3""",195,USA,38,1995-09-07,9,22.1,0,1,6.45,1.48,6.45,4,656970
Drew Smith,30,121,P,R,R,"6' 2""",190,USA,40,1993-09-24,62,56.1,4,6,4.15,1.40,9.59,29,622098
Chad Smith,28,133,P,R,R,"6' 4""",200,USA,30,1995-06-08,10,13.2,1,2,6.59,1.61,5.93,7,663385
Will Smith,34,140,P,L,R,"6' 5""",255,USA,51,1989-07-10,60,57.1,2,7,4.40,1.06,8.63,17,519293
AJ Smith-Shawver,21,144,P,R,R,"6' 3""",205,USA,62,2002-11-20,6,25.1,1,0,4.26,1.11,7.11,11,700363
Drew Smyly,34,112,P,L,L,"6' 2""",188,USA,11,1989-06-13,41,142.1,11,11,5.00,1.43,8.92,56,592767
Kirby Snead,29,133,P,L,L,"6' 1""",218,USA,54,1994-10-07,15,11.2,1,2,4.63,1.71,6.94,6,669912
Blake Snell,31,135,P,L,L,"6' 4""",225,USA,4,1992-12-04,32,180.0,14,9,2.25,1.19,11.70,99,605483
Collin Snider,28,118,P,R,R,"6' 4""",195,USA,40,1995-10-10,20,20.1,0,0,4.87,1.82,4.87,13,676092
Peter Solomon,27,109,P,R,R,"6' 4""",211,USA,58,1996-08-16,5,13.1,0,0,12.15,2.10,4.05,11,656981
George Soriano,24,146,P,R,R,"6' 2""",210,Dominican Republic,62,1999-03-24,26,52.0,0,0,3.81,1.33,9.00,23,666277
Jose Soriano,25,108,P,R,R,"6' 3""",220,Dominican Republic,59,1998-10-20,38,42.0,1,3,3.64,1.33,12.00,23,667755
Michael Soroka,26,144,P,R,R,"6' 5""",225,Canada,40,1997-08-04,7,32.1,2,2,6.40,1.48,8.07,12,647336
Gregory Soto,28,143,P,L,L,"6' 1""",234,Dominican Republic,30,1995-02-11,69,60.1,3,4,4.62,1.14,9.70,22,642397
Bennett Sousa,28,117,P,L,L,"6' 3""",220,USA,62,1995-04-06,7,9.0,0,0,4.00,0.89,10.00,2,656986
Alex Speas,25,140,P,R,R,"6' 3""",225,USA,58,1998-03-04,3,2.0,0,2,13.50,3.50,18.00,5,666208
Gabe Speier,28,136,P,L,L,"5' 11""",200,USA,55,1995-04-12,69,54.2,2,2,3.79,1.06,10.54,11,642100
Carson Spiers,26,113,P,R,R,"6' 3""",205,USA,68,1997-11-11,4,13.0,0,1,6.92,1.92,8.31,7,686730
Jeffrey Springs,31,139,P,L,L,"6' 3""",218,USA,59,1992-09-20,3,16.0,2,0,0.56,0.50,13.50,4,605488
Ryne Stanek,32,117,P,R,R,"6' 4""",226,USA,45,1991-07-26,55,50.2,3,1,4.09,1.24,9.06,21,592773
Josh Staumont,30,118,P,R,R,"6' 3""",200,USA,63,1993-12-21,21,20.0,0,0,5.40,1.45,10.80,13,622251
Justin Steele,28,112,P,L,L,"6' 2""",205,USA,35,1995-07-11,30,173.1,16,5,3.06,1.17,9.14,36,657006
Trevor Stephan,28,114,P,R,R,"6' 5""",225,USA,37,1995-11-25,71,68.2,7,7,4.06,1.30,9.83,26,663986
Jackson Stephens,29,144,P,R,R,"6' 2""",220,USA,53,1994-05-11,5,12.0,0,0,3.00,1.50,8.25,5,623451
Robert Stephenson,30,139,P,R,R,"6' 3""",205,USA,26,1993-02-24,60,52.1,3,4,3.10,0.88,13.24,16,596112
Brock Stewart,32,142,P,R,L,"6' 3""",220,USA,61,1991-10-03,28,27.2,2,0,0.65,1.08,12.69,11,592779
Gavin Stone,25,119,P,R,R,"6' 1""",175,USA,71,1998-10-15,8,31.0,1,1,9.00,1.90,6.39,13,694813
Levi Stoudt,26,113,P,R,R,"6' 1""",195,USA,58,1997-12-04,4,10.1,0,1,9.58,2.32,7.84,8,686651
Matt Strahm,32,143,P,L,R,"6' 2""",190,USA,25,1991-11-12,56,87.2,9,5,3.29,1.02,11.09,21,621381
Chris Stratton,33,140,P,R,R,"6' 2""",205,USA,35,1990-08-22,64,82.2,2,1,3.92,1.14,8.82,25,608717
Hunter Stratton,27,134,P,R,R,"6' 4""",225,USA,63,1996-11-17,8,12.0,0,0,2.25,1.00,7.50,3,676702
Spencer Strider,25,144,P,R,R,"6' 0""",195,USA,99,1998-10-28,32,186.2,20,5,3.86,1.09,13.55,58,675911
Ross Stripling,34,137,P,R,R,"6' 1""",215,USA,48,1989-11-23,22,89.0,0,5,5.36,1.35,7.08,16,548389
Marcus Stroman,32,112,P,R,R,"5' 7""",180,USA,0,1991-05-01,27,136.2,10,9,3.95,1.26,7.84,52,573186
Peter Strzelecki,29,109,P,R,R,"6' 2""",216,USA,33,1994-10-24,37,37.0,3,5,4.38,1.22,9.00,12,657265
Andrew Suarez,31,138,P,L,L,"6' 0""",202,USA,31,1992-09-11,13,27.2,0,0,7.16,1.73,5.53,15,605498
Jose Suarez,25,108,P,L,L,"5' 10""",225,Venezuela,54,1998-01-03,11,33.2,1,3,8.29,1.96,7.49,20,660761
Ranger Suarez,28,143,P,L,L,"6' 1""",217,Venezuela,55,1995-08-26,22,125.0,4,6,4.18,1.42,8.57,48,624133
Robert Suarez,32,135,P,R,R,"6' 2""",210,Venezuela,75,1991-03-01,26,27.2,4,3,4.23,0.90,7.81,10,663158
Wander Suero,32,119,P,R,R,"6' 4""",216,Dominican Republic,46,1991-09-15,5,8.0,1,0,7.88,1.38,10.13,5,593833
Cole Sulser,33,109,P,R,R,"6' 1""",190,USA,54,1990-03-12,4,5.1,0,0,6.75,1.50,6.75,3,642121
Brent Suter,34,115,P,L,L,"6' 4""",213,USA,39,1989-08-29,57,69.1,4,3,3.38,1.30,7.14,25,608718
Erik Swanson,30,141,P,R,R,"6' 3""",225,USA,50,1993-09-04,69,66.2,4,2,2.97,1.10,10.13,21,657024
Devin Sweet,27,136,P,R,S,"5' 11""",183,USA,31,1996-09-06,7,8.2,1,0,10.38,1.85,6.23,6,682967
Noah Syndergaard,31,119,P,R,L,"6' 6""",242,USA,43,1992-08-29,18,88.2,2,6,6.50,1.39,5.68,19,592789
Jameson Taillon,32,112,P,R,R,"6' 5""",230,USA,50,1991-11-18,30,154.1,8,10,4.84,1.28,8.16,41,592791
Domingo Tapia,32,135,P,R,R,"6' 3""",263,Dominican Republic,76,1991-08-04,15,17.2,0,1,3.57,1.42,7.13,12,593619
Freddy Tarnok,25,133,P,R,R,"6' 3""",185,USA,62,1998-11-24,5,14.2,1,1,4.91,1.50,8.59,11,676206
Josh Taylor,30,118,P,L,L,"6' 5""",245,USA,38,1993-03-02,17,17.2,1,3,8.15,1.75,13.25,9,657031
Julio Teheran,32,158,P,R,R,"6' 2""",205,Colombia,49,1991-01-27,14,71.2,3,5,4.40,1.13,6.28,13,527054
Ryan Tepera,36,108,P,R,R,"6' 1""",195,USA,52,1987-11-03,12,10.2,2,2,7.59,2.06,9.28,4,572193
Juan Then,23,136,P,R,R,"6' 1""",200,Dominican Republic,43,2000-02-07,9,11.0,0,0,4.91,1.45,4.09,2,672730
Caleb Thielbar,36,142,P,L,R,"6' 0""",205,USA,56,1987-01-31,36,30.2,3,1,3.23,0.95,10.57,6,573204
Keegan Thompson,28,112,P,R,R,"6' 1""",210,USA,71,1995-03-13,19,28.2,2,2,4.71,1.36,8.16,19,624522
Mason Thompson,25,120,P,R,R,"6' 6""",244,USA,71,1998-02-20,51,54.0,4,4,5.50,1.56,7.33,22,666168
Ryan Thompson,31,109,P,R,R,"6' 5""",210,USA,81,1992-06-26,31,30.2,1,2,3.82,0.91,6.16,8,657044
Zack Thompson,26,138,P,L,L,"6' 2""",215,USA,57,1997-10-28,25,66.1,5,7,4.48,1.42,9.77,25,668868
Trent Thornton,30,141,P,R,R,"6' 0""",190,USA,57,1993-09-30,27,31.1,1,2,2.01,1.15,7.47,6,663423
Michael Tonkin,34,144,P,R,R,"6' 7""",220,USA,51,1989-11-19,45,80.0,7,3,4.28,1.09,8.44,23,543859
Justin Topa,32,136,P,R,R,"6' 4""",200,USA,48,1991-03-07,75,69.0,5,4,2.61,1.14,7.96,18,623437
Touki Toussaint,27,114,P,R,R,"6' 3""",215,USA,56,1996-06-20,20,87.0,4,7,4.97,1.45,8.79,57,657053
Spencer Turnbull,31,116,P,R,R,"6' 3""",210,USA,56,1992-09-18,7,31.0,1,4,7.26,1.68,6.97,15,605513
Edwin Uceta,25,121,P,R,R,"6' 0""",155,Dominican Republic,64,1998-01-09,1,3.0,0,0,0.00,0.67,9.00,2,670955
Erich Uelmen,27,143,P,R,R,"6' 3""",195,USA,47,1996-05-19,1,1.0,0,0,36.00,5.00,9.00,2,657272
Duane Underwood Jr.,29,134,P,R,R,"6' 2""",225,USA,56,1994-07-20,20,24.1,1,0,5.18,1.44,5.18,11,621249
Jose Urena,32,115,P,R,R,"6' 2""",208,Dominican Republic,51,1991-09-12,10,44.2,0,7,6.45,1.61,5.84,22,570632
Julio Urias,27,119,P,L,L,"6' 0""",225,Mexico,7,1996-08-12,21,117.1,11,8,4.60,1.16,8.97,24,628711
Abner Uribe,23,158,P,R,R,"6' 3""",225,Dominican Republic,45,2000-06-20,32,30.2,1,0,1.76,1.17,11.45,20,682842
Jose Urquidy,28,117,P,R,R,"6' 0""",217,Mexico,65,1995-05-01,16,63.0,3,3,5.29,1.43,6.43,25,664353
Framber Valdez,30,117,P,L,R,"5' 11""",239,Dominican Republic,59,1993-11-19,31,198.0,12,11,3.45,1.13,9.09,57,664285
Chris Vallimont,26,110,P,R,R,"6' 5""",240,USA,75,1997-03-18,1,0.2,0,0,0.00,1.50,13.50,0,681808
Carlos Vargas,24,109,P,R,R,"6' 4""",210,Dominican Republic,45,1999-10-13,5,4.2,0,0,5.79,1.93,13.50,4,672841
Gus Varland,27,119,P,R,L,"6' 1""",213,USA,58,1996-11-06,16,20.1,1,1,6.64,2.11,8.85,16,681402
Louie Varland,26,142,P,R,L,"6' 1""",205,USA,37,1997-12-09,17,68.0,4,3,4.63,1.22,9.40,17,686973
Andrew Vasquez,30,116,P,L,L,"6' 6""",235,USA,65,1993-09-14,42,48.1,2,1,3.35,1.43,8.01,23,607755
Randy Vasquez,25,147,P,R,R,"6' 0""",165,Dominican Republic,98,1998-11-03,11,37.2,2,2,2.87,1.27,7.88,18,681190
Vince Velasquez,31,134,P,R,R,"6' 3""",210,USA,27,1992-06-07,8,37.1,4,4,3.86,1.31,8.92,14,592826
Anthony Veneziano,26,118,P,L,L,"6' 5""",205,USA,69,1997-09-01,2,2.1,0,0,0.00,1.71,3.86,2,685107
Drew VerHagen,33,138,P,R,R,"6' 6""",230,USA,34,1990-10-22,60,61.0,5,1,3.98,1.28,8.85,26,572403
Justin Verlander,40,121,P,R,R,"6' 5""",235,USA,35,1983-02-20,27,162.1,13,8,3.22,1.13,7.98,45,434378
Alex Vesia,27,119,P,L,L,"6' 1""",209,USA,51,1996-04-11,56,49.2,2,5,4.35,1.39,11.60,17,681911
Nick Vespi,28,110,P,L,L,"6' 3""",235,USA,79,1995-10-10,9,14.2,1,0,4.30,1.23,5.52,2,663989
Will Vest,28,116,P,R,R,"6' 0""",180,USA,19,1995-06-06,48,48.1,2,1,2.98,1.10,10.43,13,676684
Thyago Vieira,30,158,P,R,R,"6' 3""",265,Brazil,54,1993-01-07,2,3.0,0,1,0.00,0.33,6.00,1,600986
Darius Vines,25,144,P,R,R,"6' 1""",190,USA,64,1998-04-30,5,20.1,1,0,3.98,1.08,6.20,7,670241
Victor Vodnik,24,115,P,R,R,"6' 0""",200,USA,60,1999-10-09,6,8.2,1,0,8.31,2.08,12.46,3,680767
Austin Voth,31,110,P,R,R,"6' 2""",215,USA,51,1992-06-26,25,34.2,1,2,5.19,1.56,8.83,15,608723
Michael Wacha,32,135,P,R,R,"6' 6""",215,USA,52,1991-07-01,24,134.1,14,4,3.22,1.16,8.31,43,608379
Adam Wainwright,42,138,P,R,R,"6' 7""",230,USA,50,1981-08-30,21,101.0,5,11,7.40,1.90,4.90,41,425794
Cole Waites,25,137,P,R,R,"6' 3""",180,USA,56,1998-06-10,3,2.1,0,0,15.43,3.43,7.71,2,686972
Ken Waldichuk,25,133,P,L,L,"6' 4""",220,USA,64,1998-01-08,35,141.0,4,9,5.36,1.56,8.43,71,686610
Matt Waldron,27,135,P,R,R,"6' 2""",185,USA,61,1996-09-26,8,41.1,1,3,4.35,1.23,6.75,12,663362
Josh Walker,29,121,P,L,L,"6' 6""",225,USA,91,1994-12-01,14,10.0,0,1,8.10,1.80,10.80,6,677020
Ryan Walker,28,137,P,R,R,"6' 2""",200,USA,74,1995-11-26,49,61.1,5,3,3.23,1.39,11.45,24,676254
Taijuan Walker,31,143,P,R,R,"6' 4""",235,USA,99,1992-08-13,31,172.2,15,6,4.38,1.31,7.19,71,592836
Brandon Walter,27,111,P,L,L,"6' 2""",201,USA,75,1996-09-08,9,23.0,0,0,6.26,1.70,6.26,7,687888
Andrew Wantz,28,108,P,R,R,"6' 4""",235,USA,60,1995-10-13,27,39.1,2,0,3.89,1.09,7.55,15,681806
Thaddeus Ward,26,120,P,R,R,"6' 3""",204,USA,68,1997-01-16,26,35.1,0,0,6.37,1.61,7.64,28,663658
Austin Warren,27,108,P,R,R,"6' 0""",170,USA,61,1996-02-05,2,1.2,1,0,5.40,1.20,10.80,0,681810
Spenser Watkins,31,133,P,R,R,"6' 2""",195,USA,36,1992-08-27,1,4.1,0,1,10.38,2.08,8.31,2,657093
Ryan Weathers,24,146,P,L,R,"6' 1""",230,USA,60,1999-12-17,15,57.2,1,8,6.55,1.68,6.71,29,677960
Luke Weaver,30,113,P,R,R,"6' 2""",183,USA,34,1993-08-21,29,123.2,3,6,6.40,1.58,7.93,40,596133
Jacob Webb,30,110,P,R,R,"6' 2""",210,USA,66,1993-08-15,54,53.2,1,1,3.69,1.29,9.56,30,657097
Logan Webb,27,137,P,R,R,"6' 1""",220,USA,62,1996-11-18,33,216.0,11,13,3.25,1.07,8.08,31,657277
Ryan Weber,33,147,P,R,R,"6' 1""",175,USA,62,1990-08-12,8,14.1,1,0,3.14,1.26,4.40,1,543901
Jordan Weems,31,120,P,R,L,"6' 4""",212,USA,51,1992-11-07,51,54.2,5,1,3.62,1.21,9.88,28,607179
Zack Weiss,31,111,P,R,R,"6' 3""",210,USA,56,1992-06-16,12,14.0,1,0,3.21,1.07,9.64,6,592848
Greg Weissert,28,147,P,R,R,"6' 2""",235,USA,85,1995-02-04,17,20.0,0,0,4.05,1.45,9.90,8,669711
Tyler Wells,29,110,P,R,R,"6' 8""",260,USA,68,1994-08-26,25,118.2,7,6,3.64,0.99,8.87,34,669330
Joey Wentz,26,116,P,L,L,"6' 5""",220,USA,43,1997-10-06,25,105.2,3,13,6.90,1.68,8.35,47,666214
Hayden Wesneski,26,112,P,R,R,"6' 3""",210,USA,19,1997-12-05,34,89.1,3,5,4.63,1.28,8.36,32,669713
Zack Wheeler,33,143,P,R,L,"6' 4""",195,USA,45,1990-05-30,32,192.0,13,6,3.61,1.08,9.94,39,554430
Brendan White,25,116,P,R,R,"5' 11""",185,USA,52,1998-11-18,33,40.2,2,3,5.09,1.35,9.74,15,686839
Mitch White,29,141,P,R,R,"6' 3""",210,USA,45,1994-12-28,10,12.2,0,1,7.11,1.74,9.24,7,669952
Owen White,24,140,P,R,R,"6' 3""",199,USA,43,1999-08-09,2,4.0,0,1,11.25,1.75,9.00,2,669391
Garrett Whitlock,27,111,P,R,R,"6' 5""",222,USA,22,1996-06-11,22,71.2,5,5,5.15,1.33,9.04,13,676477
Jordan Wicks,24,112,P,L,L,"6' 3""",220,USA,36,1999-09-01,7,34.2,4,1,4.41,1.27,6.23,11,696136
Devin Williams,29,158,P,R,R,"6' 2""",192,USA,38,1994-09-21,61,58.2,8,3,1.53,0.92,13.35,28,642207
Gavin Williams,24,114,P,R,L,"6' 6""",250,USA,63,1999-07-26,16,82.0,3,5,3.29,1.26,8.89,37,668909
Trevor Williams,31,120,P,R,R,"6' 3""",231,USA,32,1992-04-25,30,144.1,6,10,5.55,1.60,6.92,53,592866
Brandon Williamson,25,113,P,L,R,"6' 6""",210,USA,55,1998-04-02,23,117.0,5,5,4.46,1.28,7.54,39,682227
Amos Willingham,25,120,P,R,R,"6' 4""",217,USA,54,1998-08-21,18,24.1,0,2,6.66,1.81,5.55,9,686294
Bryse Wilson,26,158,P,R,R,"6' 2""",267,USA,46,1997-12-20,53,76.2,6,0,2.58,1.07,7.16,22,669060
Steven Wilson,29,135,P,R,R,"6' 3""",221,USA,36,1994-08-24,52,53.0,1,2,3.91,1.17,9.68,27,621051
Allan Winans,28,144,P,R,R,"6' 2""",165,USA,72,1995-08-10,6,32.1,1,2,5.29,1.39,9.46,8,642216
Josh Winckowski,25,111,P,R,R,"6' 4""",215,USA,25,1998-06-28,60,84.1,4,4,2.88,1.42,8.75,31,670174
Josh Winder,27,142,P,R,R,"6' 5""",210,USA,74,1996-10-11,19,34.2,2,1,4.15,1.41,7.27,14,680739
Trey Wingenter,29,116,P,R,R,"6' 7""",237,USA,62,1994-04-15,17,17.0,1,0,5.82,1.35,11.65,7,622259
Keaton Winn,25,137,P,R,R,"6' 4""",238,USA,67,1998-02-20,9,42.1,1,3,4.68,1.04,7.44,8,676775
Nick Wittgren,32,118,P,R,R,"6' 2""",216,USA,64,1991-05-29,27,29.0,1,0,4.97,1.41,5.59,11,621295
Jackson Wolf,24,135,P,L,L,"6' 7""",205,USA,43,1999-04-22,1,5.0,1,0,5.40,1.40,1.80,1,680232
Jake Wong,27,113,P,R,R,"6' 2""",218,USA,85,1996-09-03,1,3.0,0,0,9.00,3.00,0.00,3,673858
Bryan Woo,23,136,P,R,R,"6' 2""",205,USA,22,2000-01-30,18,87.2,4,5,4.21,1.21,9.55,31,693433
Alex Wood,32,137,P,L,R,"6' 4""",215,USA,57,1991-01-12,29,97.2,5,5,4.33,1.43,6.82,42,622072
Jake Woodford,27,138,P,R,R,"6' 4""",215,USA,44,1996-10-28,15,47.2,2,3,6.23,1.74,5.48,22,663765
Brandon Woodruff,30,158,P,R,L,"6' 4""",244,USA,53,1993-02-10,11,67.0,5,1,2.28,0.82,9.94,15,605540
Simeon Woods Richardson,23,142,P,R,R,"6' 3""",210,USA,78,2000-09-27,1,4.2,0,0,9.64,2.14,9.64,3,680573
Kyle Wright,28,144,P,R,R,"6' 4""",215,USA,30,1995-10-02,9,31.0,1,3,6.97,1.84,9.87,17,657140
Randy Wynne,30,113,P,R,R,"6' 1""",180,USA,82,1993-03-09,1,2.1,0,1,3.86,1.71,0.00,1,691094
Jimmy Yacabonis,31,121,P,R,R,"6' 3""",225,USA,73,1992-03-21,7,13.2,2,1,6.59,1.46,7.24,6,642231
Ryan Yarbrough,32,119,P,L,R,"6' 5""",215,USA,56,1991-12-31,25,89.2,8,7,4.52,1.23,6.72,14,642232
Kirby Yates,36,144,P,R,L,"5' 10""",205,USA,22,1987-03-25,61,60.1,7,2,3.28,1.19,11.93,37,489446
Alex Young,30,113,P,L,L,"6' 3""",220,USA,48,1993-09-09,63,53.2,4,2,3.86,1.36,8.39,20,622065
Danny Young,29,144,P,L,L,"6' 3""",200,USA,,1994-05-27,8,8.1,0,0,1.08,1.08,11.88,2,664849
Rob Zastryzny,31,134,P,L,R,"6' 3""",205,Canada,62,1992-03-26,21,20.2,1,0,4.79,1.79,6.53,13,642239
Angel Zerpa,24,118,P,L,L,"6' 0""",220,Venezuela,61,1999-09-27,15,42.2,3,3,4.85,1.27,7.59,8,672582
Bruce Zimmermann,28,110,P,L,L,"6' 1""",220,USA,50,1995-02-09,7,13.1,2,0,4.73,1.28,9.45,0,669145
Guillermo Zuniga,25,138,P,R,R,"6' 5""",230,Colombia,60,1998-10-10,2,2.0,0,0,4.50,1.00,18.00,0,670871
Jacob deGrom,35,140,P,R,L,"6' 4""",180,USA,48,1988-06-19,6,30.1,2,0,2.67,0.76,13.35,4,594798
